state	action	state_	source_mean	source_var	plan_mean	plan_var
[1 0 0]	1.0	[0.99997188 0.00749993 0.15      ]	0.10787469148635864	0.0559123232960701	0.006639945786446333	0.06360862404108047
[1 0 0]	1.0	[0.99997188 0.00749993 0.15      ]	0.09921424090862274	0.05899271368980408	0.023189064115285873	0.060600943863391876
[1 0 0]	1.0	[0.99997188 0.00749993 0.15      ]	0.08991608023643494	0.06205299496650696	0.04025932773947716	0.05771013721823692
[1 0 0]	1.0	[0.99997188 0.00749993 0.15      ]	0.08028934895992279	0.06501565873622894	0.05766942352056503	0.054951202124357224
[1 0 0]	1.0	[0.99997188 0.00749993 0.15      ]	0.07044074684381485	0.0681295245885849	0.07514911890029907	0.05213075131177902
[1 0 0]	1.0	[0.99997188 0.00749993 0.15      ]	0.05918995290994644	0.07130324095487595	0.09307298064231873	0.04930020868778229
[1 0 0]	1.0	[0.99997188 0.00749993 0.15      ]	0.04681699723005295	0.07459579408168793	0.11150913685560226	0.046454887837171555
[1 0 0]	1.0	[0.99997188 0.00749993 0.15      ]	0.03238523751497269	0.07795427739620209	0.13077335059642792	0.04350920766592026
[1 0 0]	1.0	[0.99997188 0.00749993 0.15      ]	0.01651301234960556	0.08146504312753677	0.1507561355829239	0.040435999631881714
[1 0 0]	1.0	[0.99997188 0.00749993 0.15      ]	-0.0005657300353050232	0.08508042991161346	0.17129357159137726	0.037381939589977264
[1 0 0]	1.0	[0.99997188 0.00749993 0.15      ]	-0.018320392817258835	0.08872522413730621	0.19216705858707428	0.034394264221191406
[1 0 0]	1.0	[0.99997188 0.00749993 0.15      ]	-0.03678246587514877	0.09233229607343674	0.21348223090171814	0.031292371451854706
[1 0 0]	1.0	[0.99997188 0.00749993 0.15      ]	-0.055590420961380005	0.09600364416837692	0.23506005108356476	0.02815510705113411
[1 0 0]	1.0	[0.99997188 0.00749993 0.15      ]	-0.0747397392988205	0.09972038120031357	0.25681066513061523	0.024868588894605637
[1 0 0]	1.0	[0.99997188 0.00749993 0.15      ]	-0.09377706050872803	0.10365605354309082	0.27843257784843445	0.021432887762784958
[1 0 0]	1.0	[0.99997188 0.00749993 0.15      ]	-0.11253915727138519	0.10772205889225006	0.2997949421405792	0.01781195029616356
[1 0 0]	1.0	[0.99997188 0.00749993 0.15      ]	-0.13034629821777344	0.11197761446237564	0.3199925422668457	0.014131799340248108
[1 0 0]	1.0	[0.99997188 0.00749993 0.15      ]	-0.1472012996673584	0.11645582318305969	0.3390175998210907	0.01032351329922676
[1 0 0]	1.0	[0.99997188 0.00749993 0.15      ]	-0.1628459393978119	0.1211143210530281	0.35660234093666077	0.0063200294971466064
[1 0 0]	1.0	[0.99997188 0.00749993 0.15      ]	-0.17704012989997864	0.12593895196914673	0.3722716271877289	0.0023116283118724823
[1 0 0]	1.0	[0.99997188 0.00749993 0.15      ]	-0.18959584832191467	0.1310141533613205	0.3857196569442749	-0.0018060989677906036
[1 0 0]	1.0	[0.99997188 0.00749993 0.15      ]	-0.20045822858810425	0.13630163669586182	0.3969900906085968	-0.005991049110889435
[1 0 0]	1.0	[0.99997188 0.00749993 0.15      ]	-0.20931608974933624	0.14187875390052795	0.4053036570549011	-0.010205864906311035
[1 0 0]	1.0	[0.99997188 0.00749993 0.15      ]	-0.21594177186489105	0.1476207673549652	0.41064849495887756	-0.014550890773534775
[1 0 0]	1.0	[0.99997188 0.00749993 0.15      ]	-0.2206117957830429	0.15355157852172852	0.4135001301765442	-0.018903039395809174
[1 0 0]	1.0	[0.99997188 0.00749993 0.15      ]	-0.22319984436035156	0.15970654785633087	0.4140077531337738	-0.023390095680952072
[1 0 0]	1.0	[0.99997188 0.00749993 0.15      ]	-0.22384169697761536	0.16583490371704102	0.4123803675174713	-0.028068117797374725
[1 0 0]	1.0	[0.99997188 0.00749993 0.15      ]	-0.22314739227294922	0.17205321788787842	0.4090631604194641	-0.03297063708305359
[1 0 0]	1.0	[0.99997188 0.00749993 0.15      ]	-0.22104771435260773	0.1784825474023819	0.4041680693626404	-0.03812611848115921
[1 0 0]	1.0	[0.99997188 0.00749993 0.15      ]	-0.21791517734527588	0.1851239949464798	0.39828890562057495	-0.04354022815823555
[1 0 0]	1.0	[0.99997188 0.00749993 0.15      ]	-0.2140929102897644	0.1919177621603012	0.39155808091163635	-0.049325231462717056
[1 0 0]	1.0	[0.99997188 0.00749993 0.15      ]	-0.2099079042673111	0.19876423478126526	0.38448846340179443	-0.055236317217350006
[1 0 0]	1.0	[0.99997188 0.00749993 0.15      ]	-0.20545625686645508	0.20585964620113373	0.3771989047527313	-0.06140757352113724
[1 0 0]	1.0	[0.99997188 0.00749993 0.15      ]	-0.2012397050857544	0.21314170956611633	0.3704526126384735	-0.06787939369678497
[1 0 0]	1.0	[0.99997188 0.00749993 0.15      ]	-0.19685395061969757	0.22066795825958252	0.36367079615592957	-0.07483828812837601
[1 0 0]	1.0	[0.99997188 0.00749993 0.15      ]	-0.19291290640830994	0.22842247784137726	0.3575192391872406	-0.08241847157478333
[1 0 0]	1.0	[0.99997188 0.00749993 0.15      ]	-0.18960541486740112	0.23642152547836304	0.35223880410194397	-0.09036479890346527
[1 0 0]	1.0	[0.99997188 0.00749993 0.15      ]	-0.18700307607650757	0.24463430047035217	0.3480944037437439	-0.09859418123960495
[1 0 0]	1.0	[0.99997188 0.00749993 0.15      ]	-0.18520043790340424	0.25324130058288574	0.34492728114128113	-0.10775314271450043
[1 0 0]	1.0	[0.99997188 0.00749993 0.15      ]	-0.1843435913324356	0.26213371753692627	0.3428463339805603	-0.11770458519458771
[1 0 0]	1.0	[0.99997188 0.00749993 0.15      ]	-0.18448473513126373	0.27132749557495117	0.341825932264328	-0.1287958174943924
[1 0 0]	1.0	[0.99997188 0.00749993 0.15      ]	-0.1855238825082779	0.28092333674430847	0.34192684292793274	-0.14069640636444092
[1 0 0]	1.0	[0.99997188 0.00749993 0.15      ]	-0.18722599744796753	0.2908497750759125	0.34304410219192505	-0.1532866656780243
[1 0 0]	1.0	[0.99997188 0.00749993 0.15      ]	-0.18968583643436432	0.3011006712913513	0.34523874521255493	-0.16654467582702637
[1 0 0]	1.0	[0.99997188 0.00749993 0.15      ]	-0.193083256483078	0.3116942048072815	0.34840086102485657	-0.18068069219589233
[1 0 0]	1.0	[0.99997188 0.00749993 0.15      ]	-0.19698144495487213	0.32284674048423767	0.3522759675979614	-0.19565482437610626
[1 0 0]	1.0	[0.99997188 0.00749993 0.15      ]	-0.20128341019153595	0.3345814645290375	0.35669034719467163	-0.21149103343486786
[1 0 0]	1.0	[0.99997188 0.00749993 0.15      ]	-0.20624323189258575	0.3467150628566742	0.36202341318130493	-0.2282096892595291
[1 0 0]	1.0	[0.99997188 0.00749993 0.15      ]	-0.2114820033311844	0.3593035936355591	0.3679378926753998	-0.2456727921962738
[1 0 0]	1.0	[0.99997188 0.00749993 0.15      ]	-0.21684664487838745	0.3723861575126648	0.37428614497184753	-0.26397061347961426
[1 0 0]	1.0	[0.99997188 0.00749993 0.15      ]	-0.22230970859527588	0.38604065775871277	0.38100987672805786	-0.2832637429237366
[1 0 0]	1.0	[0.99997188 0.00749993 0.15      ]	-0.22759103775024414	0.40018653869628906	0.3880356550216675	-0.30361759662628174
[1 0 0]	1.0	[0.99997188 0.00749993 0.15      ]	-0.23232115805149078	0.4148242473602295	0.39529886841773987	-0.32514381408691406
[1 0 0]	1.0	[0.99997188 0.00749993 0.15      ]	-0.2365630865097046	0.430141806602478	0.4025014340877533	-0.3479026257991791
[1 0 0]	1.0	[0.99997188 0.00749993 0.15      ]	-0.24014174938201904	0.44605687260627747	0.4092811048030853	-0.37189990282058716
[1 0 0]	1.0	[0.99997188 0.00749993 0.15      ]	-0.24316979944705963	0.46250173449516296	0.4160107672214508	-0.3972699046134949
[1 0 0]	1.0	[0.99997188 0.00749993 0.15      ]	-0.2457253485918045	0.47906577587127686	0.4239042103290558	-0.4240312874317169
[1 0 0]	1.0	[0.99997188 0.00749993 0.15      ]	-0.24789252877235413	0.4960756003856659	0.43216344714164734	-0.4522123336791992
[1 0 0]	1.0	[0.99997188 0.00749993 0.15      ]	-0.24905499815940857	0.5137354135513306	0.4398844242095947	-0.4819816052913666
[1 0 0]	1.0	[0.99997188 0.00749993 0.15      ]	-0.24914094805717468	0.5321877598762512	0.44638538360595703	-0.513336181640625
[1 0 0]	1.0	[0.99997188 0.00749993 0.15      ]	-0.2479938566684723	0.5505417585372925	0.452357679605484	-0.5454276204109192
[1 0 0]	1.0	[0.99997188 0.00749993 0.15      ]	-0.2469230592250824	0.5679807066917419	0.460441529750824	-0.577503502368927
[1 0 0]	1.0	[0.99997188 0.00749993 0.15      ]	-0.24492642283439636	0.5858023762702942	0.4672168791294098	-0.6107292771339417
[1 0 0]	1.0	[0.99997188 0.00749993 0.15      ]	-0.24165844917297363	0.6032039523124695	0.4733238220214844	-0.6446983814239502
[1 0 0]	1.0	[0.99997188 0.00749993 0.15      ]	-0.23738715052604675	0.6206547021865845	0.47802451252937317	-0.6793279647827148
[1 0 0]	1.0	[0.99997188 0.00749993 0.15      ]	-0.23225679993629456	0.6383718252182007	0.4809403419494629	-0.7150124311447144
[1 0 0]	1.0	[0.99997188 0.00749993 0.15      ]	-0.22697579860687256	0.6556824445724487	0.4826540946960449	-0.7500584721565247
[1 0 0]	1.0	[0.99997188 0.00749993 0.15      ]	-0.22215405106544495	0.6730907559394836	0.4840501546859741	-0.7854597568511963
[1 0 0]	1.0	[0.99997188 0.00749993 0.15      ]	-0.21725279092788696	0.6901764869689941	0.48266521096229553	-0.8178568482398987
[1 0 0]	1.0	[0.99997188 0.00749993 0.15      ]	-0.2130953073501587	0.7057597637176514	0.4834200441837311	-0.8488171100616455
[1 0 0]	1.0	[0.99997188 0.00749993 0.15      ]	-0.21027465164661407	0.7191130518913269	0.4873458445072174	-0.8762193918228149
[1 0 0]	1.0	[0.99997188 0.00749993 0.15      ]	-0.20838183164596558	0.7311930060386658	0.4920269846916199	-0.9018919467926025
[1 0 0]	1.0	[0.99997188 0.00749993 0.15      ]	-0.20779508352279663	0.742851972579956	0.4982745349407196	-0.9275436997413635
[1 0 0]	1.0	[0.99997188 0.00749993 0.15      ]	-0.20796048641204834	0.7534642219543457	0.5057654976844788	-0.9515920281410217
[1 0 0]	1.0	[0.99997188 0.00749993 0.15      ]	-0.20861086249351501	0.7643336057662964	0.512633204460144	-0.9760988354682922
[1 0 0]	1.0	[0.99997188 0.00749993 0.15      ]	-0.2089376002550125	0.7741072177886963	0.5160996913909912	-0.9954632520675659
[1 0 0]	1.0	[0.99997188 0.00749993 0.15      ]	-0.2095307856798172	0.7840213775634766	0.5186101198196411	-1.014866590499878
[1 0 0]	1.0	[0.99997188 0.00749993 0.15      ]	-0.2096603512763977	0.7940176129341125	0.5173475742340088	-1.0313875675201416
[1 0 0]	1.0	[0.99997188 0.00749993 0.15      ]	-0.20943769812583923	0.8042746782302856	0.5131661295890808	-1.0470097064971924
[1 0 0]	1.0	[0.99997188 0.00749993 0.15      ]	-0.20912835001945496	0.8154177665710449	0.5078628063201904	-1.0644967555999756
[1 0 0]	1.0	[0.99997188 0.00749993 0.15      ]	-0.20925650000572205	0.8250205516815186	0.5007908940315247	-1.0760526657104492
[1 0 0]	1.0	[0.99997188 0.00749993 0.15      ]	-0.2114085555076599	0.8351885080337524	0.49748435616493225	-1.090590476989746
[1 0 0]	1.0	[0.99997188 0.00749993 0.15      ]	-0.21653425693511963	0.8461824655532837	0.4985889196395874	-1.1091772317886353
[1 0 0]	1.0	[0.99997188 0.00749993 0.15      ]	-0.22372488677501678	0.8568753004074097	0.5030056238174438	-1.1288223266601562
[1 0 0]	1.0	[0.99997188 0.00749993 0.15      ]	-0.23214221000671387	0.8673830628395081	0.5094365477561951	-1.1490261554718018
[1 0 0]	1.0	[0.99997188 0.00749993 0.15      ]	-0.24121308326721191	0.8787180185317993	0.5168009996414185	-1.1720787286758423
[1 0 0]	1.0	[0.99997188 0.00749993 0.15      ]	-0.2496756762266159	0.8915881514549255	0.5227515697479248	-1.1988261938095093
[1 0 0]	1.0	[0.99997188 0.00749993 0.15      ]	-0.25781339406967163	0.9055140018463135	0.526872992515564	-1.2268471717834473
[1 0 0]	1.0	[0.99997188 0.00749993 0.15      ]	-0.2640156149864197	0.9194328188896179	0.5297220349311829	-1.256416916847229
[1 0 0]	1.0	[0.99997188 0.00749993 0.15      ]	-0.2708149552345276	0.9271683692932129	0.5362118482589722	-1.271264672279358
[1 0 0]	1.0	[0.99997188 0.00749993 0.15      ]	-0.2755693793296814	0.9360766410827637	0.5374170541763306	-1.2858874797821045
[1 0 0]	1.0	[0.99997188 0.00749993 0.15      ]	-0.2785114347934723	0.9457501173019409	0.5365113019943237	-1.3024470806121826
[1 0 0]	1.0	[0.99997188 0.00749993 0.15      ]	-0.2804863452911377	0.9557002782821655	0.5340860486030579	-1.319775938987732
[1 0 0]	1.0	[0.99997188 0.00749993 0.15      ]	-0.28221267461776733	0.9651301503181458	0.5326777100563049	-1.3378314971923828
[1 0 0]	1.0	[0.99997188 0.00749993 0.15      ]	-0.28321608901023865	0.9725604057312012	0.5323709845542908	-1.3536651134490967
[1 0 0]	1.0	[0.99997188 0.00749993 0.15      ]	-0.2848096489906311	0.9787001609802246	0.5336626768112183	-1.368247628211975
[1 0 0]	1.0	[0.99997188 0.00749993 0.15      ]	-0.2879513204097748	0.9826708436012268	0.5374203324317932	-1.3789448738098145
[1 0 0]	1.0	[0.99997188 0.00749993 0.15      ]	-0.2909499704837799	0.9865291714668274	0.5402247309684753	-1.3893325328826904
[1 0 0]	1.0	[0.99997188 0.00749993 0.15      ]	-0.2903899550437927	0.9905720949172974	0.5368015170097351	-1.3962857723236084
[1 0 0]	1.0	[0.99997188 0.00749993 0.15      ]	-0.2902079224586487	0.9951894283294678	0.533279538154602	-1.4048160314559937
[1 0 0]	1.0	[0.99997188 0.00749993 0.15      ]	-0.29156237840652466	0.9997248649597168	0.531655490398407	-1.414481520652771
[1 0 0]	1.0	[0.99997188 0.00749993 0.15      ]	-0.2920428514480591	1.004961371421814	0.5283987522125244	-1.4253628253936768
[1 0 0]	1.0	[0.99997188 0.00749993 0.15      ]	-0.2945781648159027	1.009657621383667	0.5281938314437866	-1.4369652271270752
[1 0 0]	1.0	[0.99997188 0.00749993 0.15      ]	-0.2973846197128296	1.0139557123184204	0.5299996137619019	-1.4493658542633057
[1 0 0]	1.0	[0.99997188 0.00749993 0.15      ]	-0.3009635806083679	1.0175987482070923	0.5339376330375671	-1.4619919061660767
[1 0 0]	1.0	[0.99997188 0.00749993 0.15      ]	-0.3049434721469879	1.0210585594177246	0.538240373134613	-1.4748221635818481
[1 0 0]	1.0	[0.99997188 0.00749993 0.15      ]	-0.3092176914215088	1.0244799852371216	0.5427680611610413	-1.4878891706466675
[1 0 0]	1.0	[0.99997188 0.00749993 0.15      ]	-0.314609557390213	1.0267175436019897	0.5495660901069641	-1.4994003772735596
[1 0 0]	1.0	[0.99997188 0.00749993 0.15      ]	-0.3167869746685028	1.0303351879119873	0.549554705619812	-1.5099596977233887
[1 0 0]	1.0	[0.99997188 0.00749993 0.15      ]	-0.3177300691604614	1.033827304840088	0.5475704669952393	-1.5191831588745117
[1 0 0]	1.0	[0.99997188 0.00749993 0.15      ]	-0.31735703349113464	1.0368865728378296	0.5441229939460754	-1.5266722440719604
[1 0 0]	1.0	[0.99997188 0.00749993 0.15      ]	-0.31454938650131226	1.0402171611785889	0.5378250479698181	-1.5333147048950195
[1 0 0]	1.0	[0.99997188 0.00749993 0.15      ]	-0.31024566292762756	1.043615460395813	0.5283961892127991	-1.5380409955978394
[1 0 0]	1.0	[0.99997188 0.00749993 0.15      ]	-0.30739283561706543	1.0450695753097534	0.5220992565155029	-1.5400177240371704
[1 0 0]	1.0	[0.99997188 0.00749993 0.15      ]	-0.3054889142513275	1.0454472303390503	0.5170140266418457	-1.5403976440429688
[1 0 0]	1.0	[0.99997188 0.00749993 0.15      ]	-0.3087089955806732	1.0435328483581543	0.5206830501556396	-1.5408161878585815
[1 0 0]	1.0	[0.99997188 0.00749993 0.15      ]	-0.31379014253616333	1.0400795936584473	0.5275366902351379	-1.5390256643295288
[1 0 0]	1.0	[0.99997188 0.00749993 0.15      ]	-0.32004234194755554	1.0362392663955688	0.5361649990081787	-1.5376163721084595
[1 0 0]	1.0	[0.99997188 0.00749993 0.15      ]	-0.32379958033561707	1.033342719078064	0.5415012836456299	-1.5370858907699585
[1 0 0]	1.0	[0.99997188 0.00749993 0.15      ]	-0.32434308528900146	1.0316849946975708	0.5414093732833862	-1.5369493961334229
[1 0 0]	1.0	[0.99997188 0.00749993 0.15      ]	-0.32192450761795044	1.0307788848876953	0.5358344912528992	-1.5352849960327148
[1 0 0]	1.0	[0.99997188 0.00749993 0.15      ]	-0.3203777074813843	1.029891014099121	0.5314369201660156	-1.5351650714874268
[1 0 0]	1.0	[0.99997188 0.00749993 0.15      ]	-0.31738242506980896	1.0303670167922974	0.5250884294509888	-1.5381991863250732
[1 0 0]	1.0	[0.99997188 0.00749993 0.15      ]	-0.31575316190719604	1.0299087762832642	0.5218926668167114	-1.5416827201843262
[1 0 0]	1.0	[0.99997188 0.00749993 0.15      ]	-0.31581011414527893	1.0288983583450317	0.5213984251022339	-1.545865535736084
[1 0 0]	1.0	[0.99997188 0.00749993 0.15      ]	-0.317015677690506	1.0275015830993652	0.5223022103309631	-1.5506194829940796
[1 0 0]	1.0	[0.99997188 0.00749993 0.15      ]	-0.31747791171073914	1.0270096063613892	0.5204300284385681	-1.5568240880966187
[1 0 0]	1.0	[0.99997188 0.00749993 0.15      ]	-0.32007598876953125	1.0255100727081299	0.5229246616363525	-1.5635755062103271
[1 0 0]	1.0	[0.99997188 0.00749993 0.15      ]	-0.3251943290233612	1.0227402448654175	0.5305888652801514	-1.5699938535690308
[1 0 0]	1.0	[0.99997188 0.00749993 0.15      ]	-0.328640878200531	1.0205477476119995	0.5340557098388672	-1.5757427215576172
[1 0 0]	1.0	[0.99997188 0.00749993 0.15      ]	-0.3320638835430145	1.0182315111160278	0.5386877059936523	-1.5821962356567383
[1 0 0]	1.0	[0.99997188 0.00749993 0.15      ]	-0.3373822271823883	1.0152207612991333	0.5466440320014954	-1.5886679887771606
[1 0 0]	1.0	[0.99997188 0.00749993 0.15      ]	-0.33955061435699463	1.0133368968963623	0.547497570514679	-1.5948665142059326
[1 0 0]	1.0	[0.99997188 0.00749993 0.15      ]	-0.34046223759651184	1.0116511583328247	0.547091543674469	-1.6018589735031128
[1 0 0]	1.0	[0.99997188 0.00749993 0.15      ]	-0.34227004647254944	1.0090925693511963	0.5493999719619751	-1.6069227457046509
[1 0 0]	1.0	[0.99997188 0.00749993 0.15      ]	-0.3423169255256653	1.0072598457336426	0.5484986305236816	-1.6134988069534302
[1 0 0]	1.0	[0.99997188 0.00749993 0.15      ]	-0.3398391008377075	1.0067545175552368	0.5418031215667725	-1.621625304222107
[1 0 0]	1.0	[0.99997188 0.00749993 0.15      ]	-0.33428579568862915	1.0067909955978394	0.5281960368156433	-1.6290888786315918
[1 0 0]	1.0	[0.99997188 0.00749993 0.15      ]	-0.33120787143707275	1.0055665969848633	0.5215287804603577	-1.6373775005340576
[1 0 0]	1.0	[0.99997188 0.00749993 0.15      ]	-0.3317175805568695	1.0025696754455566	0.5239208936691284	-1.6457383632659912
[1 0 0]	1.0	[0.99997188 0.00749993 0.15      ]	-0.32971036434173584	0.9985798001289368	0.5182272791862488	-1.647047758102417
[1 0 0]	1.0	[0.99997188 0.00749993 0.15      ]	-0.3310648202896118	0.9934982657432556	0.5190382599830627	-1.6476582288742065
[1 0 0]	1.0	[0.99997188 0.00749993 0.15      ]	-0.33727529644966125	0.9867762923240662	0.5321928858757019	-1.6497615575790405
[1 0 0]	1.0	[0.99997188 0.00749993 0.15      ]	-0.3450363874435425	0.9805600643157959	0.548804759979248	-1.6553635597229004
[1 0 0]	1.0	[0.99997188 0.00749993 0.15      ]	-0.35152584314346313	0.9751572012901306	0.5628178119659424	-1.6643731594085693
[1 0 0]	1.0	[0.99997188 0.00749993 0.15      ]	-0.351879745721817	0.971939742565155	0.5613478422164917	-1.675175666809082
[1 0 0]	1.0	[0.99997188 0.00749993 0.15      ]	-0.3480730652809143	0.970662534236908	0.5477064847946167	-1.6874643564224243
[1 0 0]	1.0	[0.99997188 0.00749993 0.15      ]	-0.34611913561820984	0.9699342250823975	0.5372684001922607	-1.7036360502243042
[1 0 0]	1.0	[0.99997188 0.00749993 0.15      ]	-0.3488011956214905	0.9665233492851257	0.5401097536087036	-1.7169348001480103
[1 0 0]	1.0	[0.99997188 0.00749993 0.15      ]	-0.3530445098876953	0.9624325037002563	0.5485677719116211	-1.7300353050231934
[1 0 0]	1.0	[0.99997188 0.00749993 0.15      ]	-0.35769638419151306	0.9562533497810364	0.5571048855781555	-1.7343504428863525
[1 0 0]	1.0	[0.99997188 0.00749993 0.15      ]	-0.36116981506347656	0.9511162042617798	0.5597562789916992	-1.740044355392456
[1 0 0]	1.0	[0.99997188 0.00749993 0.15      ]	-0.35504382848739624	0.9488504528999329	0.5383051037788391	-1.7467694282531738
[1 0 0]	1.0	[0.99997188 0.00749993 0.15      ]	-0.34527891874313354	0.9461262226104736	0.5086362361907959	-1.7520934343338013
[1 0 0]	1.0	[0.99997188 0.00749993 0.15      ]	-0.34505143761634827	0.9410929083824158	0.5049933791160583	-1.7621572017669678
[1 0 0]	1.0	[0.99997188 0.00749993 0.15      ]	-0.35306206345558167	0.9336792826652527	0.5232347846031189	-1.774905800819397
[1 0 0]	1.0	[0.99997188 0.00749993 0.15      ]	-0.36436524987220764	0.9239250421524048	0.5535075664520264	-1.7815194129943848
[1 0 0]	1.0	[0.99997188 0.00749993 0.15      ]	-0.3645164668560028	0.9172501564025879	0.5546626448631287	-1.7891955375671387
[1 0 0]	1.0	[0.99997188 0.00749993 0.15      ]	-0.35545670986175537	0.9132101535797119	0.5346077680587769	-1.8001604080200195
[1 0 0]	1.0	[0.99997188 0.00749993 0.15      ]	-0.3410727083683014	0.9118044376373291	0.49951496720314026	-1.8179807662963867
[1 0 0]	1.0	[0.99997188 0.00749993 0.15      ]	-0.33582037687301636	0.908218264579773	0.48780083656311035	-1.8415175676345825
[1 0 0]	1.0	[0.99997188 0.00749993 0.15      ]	-0.33878543972969055	0.9024821519851685	0.4966414272785187	-1.8687853813171387
[1 0 0]	1.0	[0.99997188 0.00749993 0.15      ]	-0.34890246391296387	0.8949357867240906	0.5253640413284302	-1.9002655744552612
[1 0 0]	1.0	[0.99997188 0.00749993 0.15      ]	-0.354788213968277	0.8881837725639343	0.5424473881721497	-1.933105230331421
[1 0 0]	1.0	[0.99997188 0.00749993 0.15      ]	-0.35367265343666077	0.8827731013298035	0.5398844480514526	-1.9661742448806763
[1 0 0]	1.0	[0.99997188 0.00749993 0.15      ]	-0.3478122055530548	0.878556489944458	0.519601583480835	-1.9990712404251099
[1 0 0]	1.0	[0.99997188 0.00749993 0.15      ]	-0.3402785658836365	0.8741625547409058	0.4952739477157593	-2.0341873168945312
[1 0 0]	1.0	[0.99997188 0.00749993 0.15      ]	-0.33906206488609314	0.8675333857536316	0.4885064363479614	-2.0689845085144043
[1 0 0]	1.0	[0.99997188 0.00749993 0.15      ]	-0.3508794605731964	0.8562997579574585	0.5221124291419983	-2.100344181060791
[1 0 0]	1.0	[0.99997188 0.00749993 0.15      ]	-0.36990126967430115	0.8432843685150146	0.5756334662437439	-2.1312878131866455
[1 0 0]	1.0	[0.99997188 0.00749993 0.15      ]	-0.36793336272239685	0.8351893424987793	0.5626068711280823	-2.159757137298584
[1 0 0]	1.0	[0.99997188 0.00749993 0.15      ]	-0.34895578026771545	0.83051997423172	0.49878475069999695	-2.176992416381836
[1 0 0]	1.0	[0.99997188 0.00749993 0.15      ]	-0.3332998752593994	0.8240147829055786	0.4424338638782501	-2.1957433223724365
[1 0 0]	1.0	[0.99997188 0.00749993 0.15      ]	-0.3468666672706604	0.8093437552452087	0.477258563041687	-2.2008092403411865
[1 0 0]	1.0	[0.99997188 0.00749993 0.15      ]	-0.37852874398231506	0.7892614603042603	0.5652672052383423	-2.201373815536499
[1 0 0]	1.0	[0.99997188 0.00749993 0.15      ]	-0.40454453229904175	0.7716344594955444	0.639517068862915	-2.20770001411438
[1 0 0]	1.0	[0.99997188 0.00749993 0.15      ]	-0.41095033288002014	0.7602905631065369	0.6562459468841553	-2.209812641143799
[1 0 0]	1.0	[0.99997188 0.00749993 0.15      ]	-0.40141165256500244	0.7545433640480042	0.6275696754455566	-2.2176222801208496
[1 0 0]	1.0	[0.99997188 0.00749993 0.15      ]	-0.3794746994972229	0.7531018257141113	0.5612100958824158	-2.2252352237701416
[1 0 0]	1.0	[0.99997188 0.00749993 0.15      ]	-0.36456623673439026	0.7497692108154297	0.5166211128234863	-2.2410058975219727
[1 0 0]	1.0	[0.99997188 0.00749993 0.15      ]	-0.3548431694507599	0.7449437379837036	0.4904240667819977	-2.2697091102600098
[1 0 0]	1.0	[0.99997188 0.00749993 0.15      ]	-0.3609839677810669	0.7351556420326233	0.5139258503913879	-2.2957215309143066
[1 0 0]	1.0	[0.99997188 0.00749993 0.15      ]	-0.3769020438194275	0.7227766513824463	0.5667792558670044	-2.332693338394165
[1 0 0]	1.0	[0.99997188 0.00749993 0.15      ]	-0.38878190517425537	0.7113146185874939	0.6105548739433289	-2.3799543380737305
[1 0 0]	1.0	[0.99997188 0.00749993 0.15      ]	-0.3850667476654053	0.703954815864563	0.6080282330513	-2.4289181232452393
[1 0 0]	1.0	[0.99997188 0.00749993 0.15      ]	-0.3777405023574829	0.6972832083702087	0.590315580368042	-2.4760220050811768
[1 0 0]	1.0	[0.99997188 0.00749993 0.15      ]	-0.3621096611022949	0.6928144693374634	0.5426569581031799	-2.522911548614502
[1 0 0]	1.0	[0.99997188 0.00749993 0.15      ]	-0.3597218096256256	0.68499755859375	0.5289813876152039	-2.5568747520446777
[1 0 0]	1.0	[0.99997188 0.00749993 0.15      ]	-0.36967429518699646	0.6742276549339294	0.5538583993911743	-2.592864990234375
[1 0 0]	1.0	[0.99997188 0.00749993 0.15      ]	-0.38149866461753845	0.6620112061500549	0.5860937237739563	-2.627938985824585
[1 0 0]	1.0	[0.99997188 0.00749993 0.15      ]	-0.3889114260673523	0.6500826478004456	0.6067554950714111	-2.669215202331543
[1 0 0]	1.0	[0.99997188 0.00749993 0.15      ]	-0.38924893736839294	0.6390008330345154	0.6055382490158081	-2.715233325958252
[1 0 0]	1.0	[0.99997188 0.00749993 0.15      ]	-0.38808953762054443	0.6274398565292358	0.6011268496513367	-2.7681682109832764
[1 0 0]	1.0	[0.99997188 0.00749993 0.15      ]	-0.3893474340438843	0.6144652962684631	0.6054145693778992	-2.8210928440093994
[1 0 0]	1.0	[0.99997188 0.00749993 0.15      ]	-0.38746118545532227	0.6011790633201599	0.6037204265594482	-2.875699758529663
[1 0 0]	1.0	[0.99997188 0.00749993 0.15      ]	-0.38035276532173157	0.5882091522216797	0.5861601829528809	-2.9305684566497803
[1 0 0]	1.0	[0.99997188 0.00749993 0.15      ]	-0.37709054350852966	0.573356032371521	0.5889008045196533	-2.97723650932312
[1 0 0]	1.0	[0.99997188 0.00749993 0.15      ]	-0.3870598375797272	0.5561158657073975	0.6431444883346558	-3.026949167251587
[1 0 0]	1.0	[0.99997188 0.00749993 0.15      ]	-0.38041409850120544	0.5412363409996033	0.6353051066398621	-3.0749709606170654
[1 0 0]	1.0	[0.99997188 0.00749993 0.15      ]	-0.3721223473548889	0.5263609886169434	0.6168208122253418	-3.1255273818969727
[1 0 0]	1.0	[0.99997188 0.00749993 0.15      ]	-0.36988264322280884	0.5108376145362854	0.6091615557670593	-3.1828622817993164
[1 0 0]	1.0	[0.99997188 0.00749993 0.15      ]	-0.38933590054512024	0.49294865131378174	0.6776307821273804	-3.2280173301696777
[1 0 0]	1.0	[0.99997188 0.00749993 0.15      ]	-0.41176527738571167	0.47508007287979126	0.7534321546554565	-3.2871413230895996
[1 0 0]	1.0	[0.99997188 0.00749993 0.15      ]	-0.3907736539840698	0.464927077293396	0.656990647315979	-3.321087121963501
[1 0 0]	1.0	[0.99997188 0.00749993 0.15      ]	-0.37227392196655273	0.4539467990398407	0.5721002817153931	-3.3416457176208496
[1 0 0]	1.0	[0.99997188 0.00749993 0.15      ]	-0.39202257990837097	0.4377746284008026	0.6410662531852722	-3.325220823287964
[1 0 0]	1.0	[0.99997188 0.00749993 0.15      ]	-0.4205854833126068	0.42088234424591064	0.7441053986549377	-3.3434700965881348
[1 0 0]	1.0	[0.99997188 0.00749993 0.15      ]	-0.4273204803466797	0.40774768590927124	0.7749403715133667	-3.384803056716919
[1 0 0]	1.0	[0.99997188 0.00749993 0.15      ]	-0.40222257375717163	0.3999941647052765	0.6967741847038269	-3.427417039871216
[1 0 0]	1.0	[0.99997188 0.00749993 0.15      ]	-0.38555383682250977	0.3912508189678192	0.6495619416236877	-3.4804916381835938
[1 0 0]	1.0	[0.99997188 0.00749993 0.15      ]	-0.3940413296222687	0.3794853687286377	0.692053496837616	-3.534212589263916
[1 0 0]	1.0	[0.99997188 0.00749993 0.15      ]	-0.4081468880176544	0.3673887550830841	0.755079984664917	-3.6153736114501953
[1 0 0]	1.0	[0.99997188 0.00749993 0.15      ]	-0.40490007400512695	0.35770660638809204	0.7556517124176025	-3.7199885845184326
[1 0 0]	1.0	[0.99997188 0.00749993 0.15      ]	-0.391950398683548	0.3494202494621277	0.7140683531761169	-3.825065851211548
[1 0 0]	1.0	[0.99997188 0.00749993 0.15      ]	-0.38099658489227295	0.3404972553253174	0.6705318689346313	-3.8790221214294434
[1 0 0]	1.0	[0.99997188 0.00749993 0.15      ]	-0.4135550558567047	0.32716426253318787	0.7875044941902161	-3.887430191040039
[1 0 0]	1.0	[0.99997188 0.00749993 0.15      ]	-0.44577884674072266	0.31409069895744324	0.9007513523101807	-3.9254541397094727
[1 0 0]	1.0	[0.99997188 0.00749993 0.15      ]	-0.41352522373199463	0.31008782982826233	0.7846307754516602	-3.834578275680542
[1 0 0]	1.0	[0.99997188 0.00749993 0.15      ]	-0.3806290924549103	0.3062261939048767	0.6677692532539368	-3.7772583961486816
[1 0 0]	1.0	[0.99997188 0.00749993 0.15      ]	-0.3795681595802307	0.29848164319992065	0.6630396246910095	-3.7112340927124023
[1 0 0]	1.0	[0.99997188 0.00749993 0.15      ]	-0.40565717220306396	0.28740307688713074	0.7556012272834778	-3.6381654739379883
[1 0 0]	1.0	[0.99997188 0.00749993 0.15      ]	-0.4387478530406952	0.27620866894721985	0.870623767375946	-3.6037757396698
[1 0 0]	1.0	[0.99997188 0.00749993 0.15      ]	-0.4476868212223053	0.26911360025405884	0.901934802532196	-3.5555524826049805
[1 0 0]	1.0	[0.99997188 0.00749993 0.15      ]	-0.42667609453201294	0.26676642894744873	0.8306055665016174	-3.4702343940734863
[1 0 0]	1.0	[0.99997188 0.00749993 0.15      ]	-0.39680489897727966	0.2661696970462799	0.7294751405715942	-3.3995213508605957
[1 0 0]	1.0	[0.99997188 0.00749993 0.15      ]	-0.37484413385391235	0.2650400400161743	0.6565619111061096	-3.3482143878936768
[1 0 0]	1.0	[0.99997188 0.00749993 0.15      ]	-0.37674298882484436	0.2614871561527252	0.662558913230896	-3.3080313205718994
[1 0 0]	1.0	[0.99997188 0.00749993 0.15      ]	-0.4002135992050171	0.2559046745300293	0.7360709309577942	-3.272334098815918
[1 0 0]	1.0	[0.99997188 0.00749993 0.15      ]	-0.4296032786369324	0.25015532970428467	0.8276014924049377	-3.275163412094116
[1 0 0]	1.0	[0.99997188 0.00749993 0.15      ]	-0.446613073348999	0.24640876054763794	0.8823947906494141	-3.3062660694122314
[1 0 0]	1.0	[0.99997188 0.00749993 0.15      ]	-0.4440816044807434	0.24555601179599762	0.8787643313407898	-3.344921588897705
[1 0 0]	1.0	[0.99997188 0.00749993 0.15      ]	-0.4265158176422119	0.2467806041240692	0.8302361369132996	-3.3937339782714844
[1 0 0]	1.0	[0.99997188 0.00749993 0.15      ]	-0.40328195691108704	0.24903281033039093	0.7634280920028687	-3.46931529045105
[1 0 0]	1.0	[0.99997188 0.00749993 0.15      ]	-0.3903540372848511	0.250244140625	0.7276561260223389	-3.5705926418304443
[1 0 0]	1.0	[0.99997188 0.00749993 0.15      ]	-0.39611321687698364	0.24922683835029602	0.7516756653785706	-3.678459405899048
[1 0 0]	1.0	[0.99997188 0.00749993 0.15      ]	-0.41448548436164856	0.24652163684368134	0.8174100518226624	-3.80448842048645
[1 0 0]	1.0	[0.99997188 0.00749993 0.15      ]	-0.42746150493621826	0.24436523020267487	0.86507648229599	-3.949179172515869
[1 0 0]	1.0	[0.99997188 0.00749993 0.15      ]	-0.4188289940357208	0.24463756382465363	0.8417655229568481	-4.07789945602417
[1 0 0]	1.0	[0.99997188 0.00749993 0.15      ]	-0.399496853351593	0.2457655817270279	0.7831392884254456	-4.187191009521484
[1 0 0]	1.0	[0.99997188 0.00749993 0.15      ]	-0.3851218819618225	0.24572591483592987	0.7377267479896545	-4.26233434677124
[1 0 0]	1.0	[0.99997188 0.00749993 0.15      ]	-0.3967815339565277	0.2414531409740448	0.7768955230712891	-4.307514190673828
[1 0 0]	1.0	[0.99997188 0.00749993 0.15      ]	-0.4201098084449768	0.2348669171333313	0.8536415696144104	-4.339217185974121
[1 0 0]	1.0	[0.99997188 0.00749993 0.15      ]	-0.4255991280078888	0.2293766438961029	0.8771538138389587	-4.353752613067627
[1 0 0]	1.0	[0.99997188 0.00749993 0.15      ]	-0.4119473695755005	0.22541436553001404	0.8421103954315186	-4.343564510345459
[1 0 0]	1.0	[0.99997188 0.00749993 0.15      ]	-0.39378705620765686	0.22126516699790955	0.7950025796890259	-4.343418121337891
[1 0 0]	1.0	[0.99997188 0.00749993 0.15      ]	-0.38498368859291077	0.21583934128284454	0.7789310812950134	-4.356883525848389
[1 0 0]	1.0	[0.99997188 0.00749993 0.15      ]	-0.3964235186576843	0.20811574161052704	0.8292521238327026	-4.3531670570373535
[1 0 0]	1.0	[0.99997188 0.00749993 0.15      ]	-0.41237252950668335	0.2000660002231598	0.8935532569885254	-4.353248596191406
[1 0 0]	1.0	[0.99997188 0.00749993 0.15      ]	-0.41446197032928467	0.19346173107624054	0.9123194217681885	-4.3593854904174805
[1 0 0]	1.0	[0.99997188 0.00749993 0.15      ]	-0.3904974162578583	0.18993934988975525	0.8380712270736694	-4.338688373565674
[1 0 0]	1.0	[0.99997188 0.00749993 0.15      ]	-0.380408376455307	0.18525415658950806	0.8078666925430298	-4.318333625793457
[1 0 0]	1.0	[0.99997188 0.00749993 0.15      ]	-0.38984185457229614	0.17888790369033813	0.8432668447494507	-4.293654441833496
[1 0 0]	1.0	[0.99997188 0.00749993 0.15      ]	-0.4079902768135071	0.17215639352798462	0.9068973660469055	-4.293675422668457
[1 0 0]	1.0	[0.99997188 0.00749993 0.15      ]	-0.4107498228549957	0.16722546517848969	0.919612467288971	-4.319852352142334
[1 0 0]	1.0	[0.99997188 0.00749993 0.15      ]	-0.39233189821243286	0.16462555527687073	0.8634843826293945	-4.347716331481934
[1 0 0]	1.0	[0.99997188 0.00749993 0.15      ]	-0.3811650574207306	0.16131356358528137	0.833340585231781	-4.396284103393555
[1 0 0]	1.0	[0.99997188 0.00749993 0.15      ]	-0.386585533618927	0.15647539496421814	0.8603445291519165	-4.447812080383301
[1 0 0]	1.0	[0.99997188 0.00749993 0.15      ]	-0.3991275429725647	0.15098805725574493	0.9143117666244507	-4.490081310272217
[1 0 0]	1.0	[0.99997188 0.00749993 0.15      ]	-0.3962249159812927	0.14721046388149261	0.9173938632011414	-4.544314861297607
[1 0 0]	1.0	[0.99997188 0.00749993 0.15      ]	-0.3803708255290985	0.14471541345119476	0.8759584426879883	-4.614980220794678
[1 0 0]	1.0	[0.99997188 0.00749993 0.15      ]	-0.3859376907348633	0.14052341878414154	0.9052520394325256	-4.675869941711426
[1 0 0]	1.0	[0.99997188 0.00749993 0.15      ]	-0.3886817693710327	0.13663025200366974	0.9224072694778442	-4.707838535308838
[1 0 0]	1.0	[0.99997188 0.00749993 0.15      ]	-0.3904457688331604	0.1326494663953781	0.9362683892250061	-4.74556303024292
[1 0 0]	1.0	[0.99997188 0.00749993 0.15      ]	-0.37971949577331543	0.12953191995620728	0.9091574549674988	-4.793562889099121
[1 0 0]	1.0	[0.99997188 0.00749993 0.15      ]	-0.37074726819992065	0.12607687711715698	0.8909635543823242	-4.844997882843018
[1 0 0]	1.0	[0.99997188 0.00749993 0.15      ]	-0.37890294194221497	0.12126083672046661	0.9294966459274292	-4.895866870880127
[1 0 0]	1.0	[0.99997188 0.00749993 0.15      ]	-0.3752703368663788	0.11698876321315765	0.934372067451477	-4.893838405609131
[1 0 0]	1.0	[0.99997188 0.00749993 0.15      ]	-0.3847185969352722	0.11134563386440277	0.9761022329330444	-4.817915439605713
[1 0 0]	1.0	[0.99997188 0.00749993 0.15      ]	-0.37042397260665894	0.1077178418636322	0.9382694363594055	-4.697725772857666
[1 0 0]	1.0	[0.99997188 0.00749993 0.15      ]	-0.35879117250442505	0.10414640605449677	0.9104917645454407	-4.608165740966797
[1 0 0]	1.0	[0.99997188 0.00749993 0.15      ]	-0.36941537261009216	0.09903261065483093	0.9603069424629211	-4.519827365875244
[1 0 0]	1.0	[0.99997188 0.00749993 0.15      ]	-0.3697948455810547	0.09523880481719971	0.975212574005127	-4.4751973152160645
[1 0 0]	1.0	[0.99997188 0.00749993 0.15      ]	-0.35549765825271606	0.09325593709945679	0.93949955701828	-4.469846725463867
[1 0 0]	1.0	[0.99997188 0.00749993 0.15      ]	-0.34977591037750244	0.09107131510972977	0.931751549243927	-4.501260280609131
[1 0 0]	1.0	[0.99997188 0.00749993 0.15      ]	-0.34477663040161133	0.08926526457071304	0.9261996746063232	-4.559773921966553
[1 0 0]	1.0	[0.99997188 0.00749993 0.15      ]	-0.3587266802787781	0.08605849742889404	0.9831133484840393	-4.6319732666015625
[1 0 0]	1.0	[0.99997188 0.00749993 0.15      ]	-0.35031092166900635	0.08517764508724213	0.9622389674186707	-4.705280303955078
[1 0 0]	1.0	[0.99997188 0.00749993 0.15      ]	-0.33610597252845764	0.08462269604206085	0.9240006804466248	-4.795770645141602
[1 0 0]	1.0	[0.99997188 0.00749993 0.15      ]	-0.327094167470932	0.08372287452220917	0.9022907614707947	-4.916614055633545
[1 0 0]	1.0	[0.99997188 0.00749993 0.15      ]	-0.3438777029514313	0.08035589009523392	0.9666751027107239	-5.018028736114502
[1 0 0]	1.0	[0.99997188 0.00749993 0.15      ]	-0.35422399640083313	0.07708248496055603	1.014968752861023	-5.116218090057373
[1 0 0]	1.0	[0.99997188 0.00749993 0.15      ]	-0.3193414509296417	0.07817970961332321	0.9087377190589905	-5.119109153747559
[1 0 0]	1.0	[0.99997188 0.00749993 0.15      ]	-0.3407500684261322	0.07419180870056152	0.9883912801742554	-5.0878095626831055
[1 0 0]	1.0	[0.99997188 0.00749993 0.15      ]	-0.3465035855770111	0.07190557569265366	1.015091896057129	-5.085587024688721
[1 0 0]	1.0	[0.99997188 0.00749993 0.15      ]	-0.3160337209701538	0.07344985008239746	0.9185969233512878	-5.073583602905273
[1 0 0]	1.0	[0.99997188 0.00749993 0.15      ]	-0.3113292157649994	0.0725959986448288	0.9080005884170532	-5.0733232498168945
[1 0 0]	1.0	[0.99997188 0.00749993 0.15      ]	-0.33185499906539917	0.06943418830633163	0.9807218909263611	-5.095183849334717
[1 0 0]	1.0	[0.99997188 0.00749993 0.15      ]	-0.33529961109161377	0.06782741844654083	0.9970124363899231	-5.138017654418945
[1 0 0]	1.0	[0.99997188 0.00749993 0.15      ]	-0.31166166067123413	0.06867765635251999	0.9264508485794067	-5.1648478507995605
[1 0 0]	1.0	[0.99997188 0.00749993 0.15      ]	-0.30077508091926575	0.06808265298604965	0.9023088812828064	-5.179069995880127
[1 0 0]	1.0	[0.99997188 0.00749993 0.15      ]	-0.2919578552246094	0.06723606586456299	0.8734151721000671	-5.079041481018066
[1 0 0]	1.0	[0.99997188 0.00749993 0.15      ]	-0.3234180808067322	0.06263723224401474	0.9805529117584229	-4.96995735168457
[1 0 0]	1.0	[0.99997188 0.00749993 0.15      ]	-0.35021209716796875	0.058812983334064484	1.073066234588623	-4.89895486831665
[1 0 0]	1.0	[0.99997188 0.00749993 0.15      ]	-0.3379998803138733	0.05948389321565628	1.0316764116287231	-4.810776710510254
[1 0 0]	1.0	[0.99997188 0.00749993 0.15      ]	-0.3122626841068268	0.062081970274448395	0.941478431224823	-4.754312038421631
[1 0 0]	1.0	[0.99997188 0.00749993 0.15      ]	-0.30929145216941833	0.06281881779432297	0.9301166534423828	-4.720010280609131
[1 0 0]	1.0	[0.99997188 0.00749993 0.15      ]	-0.33649158477783203	0.060621004551649094	1.0223517417907715	-4.656416416168213
[1 0 0]	1.0	[0.99997188 0.00749993 0.15      ]	-0.34198546409606934	0.06113465502858162	1.0365103483200073	-4.606687545776367
[1 0 0]	1.0	[0.99997188 0.00749993 0.15      ]	-0.33911415934562683	0.06264767050743103	1.0225039720535278	-4.585657596588135
[1 0 0]	1.0	[0.99997188 0.00749993 0.15      ]	-0.3210957944393158	0.06593755632638931	0.9589440822601318	-4.587431907653809
