epoch	avg_score	avg_Q	empowerment
0	-1301.8661852382374	-0.0049599078297615055	0.021806443110108376
1	-1417.5882032105537	0.7282087018275665	0.06104198470711708
2	-1459.4851807703408	0.7865419695718564	0.0770273208618164
3	-1485.8665741031232	0.5389349062344962	0.09153157472610474
4	-1442.9555677079225	0.8559794882816526	0.10967879742383957
5	-1407.4273874640037	1.183074174030057	0.14263004064559937
6	-1439.5190762032173	1.2261534269187782	0.16039486229419708
7	-1351.1456428045676	1.4583734738392304	0.17450784146785736
8	-1502.391335455909	0.18311608598091378	0.17109045386314392
9	-1441.806207844567	0.7554212536541128	0.19851495325565338
10	-1462.281836443851	0.6417420270757584	0.1989000141620636
11	-1468.401351474892	0.8139924929240584	0.21257947385311127
12	-1458.7647712361538	0.8987169345186967	0.21359166502952576
13	-1527.8569481649354	0.049699547576670826	0.22949954867362976
14	-1469.6877149774512	0.9775407091211292	0.2591070532798767
15	-1458.8673496323509	0.8906755140376057	0.24837297201156616
16	-1525.654737260395	0.23202192528187668	0.25442808866500854
17	-1357.1738071464358	1.6679665441310119	0.2672925293445587
18	-1430.5886442797646	0.3583928948859494	0.23302026093006134
19	-1479.3808588059323	0.527959496024302	0.2598740756511688
20	-1598.2387990983061	-0.24645829858381496	0.25533774495124817
21	-1469.5534320015167	0.7204449672952441	0.2833586037158966
22	-1459.1206083622985	0.6929973692572758	0.2802945673465729
23	-1476.4554482466	0.7732010430844002	0.3238539695739746
24	-1475.2915944081024	0.17867813625336604	0.32714134454727173
25	-1401.9869918806487	1.2108199067435772	0.33229735493659973
26	-1480.2358447017214	0.12455148591372565	0.32911765575408936
27	-1470.8467975323576	0.7634285798854766	0.34576719999313354
28	-1523.7139974578906	-0.06094364919674197	0.3314715623855591
29	-1559.6299270096529	0.36511359645178093	0.35310178995132446
30	-1524.4930432684134	-0.026285855574923144	0.4157257080078125
31	-1615.7496786010404	-0.3453647065762918	0.3312024474143982
32	-1469.6603388858248	1.2657410747031388	0.4472957253456116
33	-1306.2923680352378	2.264231311911571	0.4816155433654785
34	-1368.3230593484366	1.3294004964546964	0.4582630693912506
35	-1636.3591715761036	-1.1299374309261825	0.33114340901374817
36	-1537.3051967327474	0.7572246632676136	0.47106191515922546
37	-1425.0515190081496	1.041710483458264	0.539358913898468
38	-1414.255664198309	1.052987621122407	0.5320225358009338
39	-1521.017741942171	-0.049175959774159464	0.4633978605270386
40	-1427.6542252772647	1.0662966475593174	0.5702390670776367
41	-1510.2780533423722	0.6068261022900231	0.47612741589546204
42	-1554.5946689766865	0.19021958697305286	0.5244268178939819
43	-1485.2773841170365	0.42132130152801806	0.7247903943061829
44	-1527.3530455055206	0.13358283808844867	0.628291130065918
45	-1420.4879771945662	1.1925513468063846	0.6197417974472046
46	-1464.9220515210568	0.6956483022761093	0.572216808795929
47	-1454.5715312237353	0.679183736918735	0.6341540813446045
48	-1477.1523900132795	1.0373137759151847	0.7234300374984741
49	-1484.3929584456876	0.34596421592619303	0.714288592338562
50	-1476.2241374534658	0.9278478449925202	0.7104480862617493
51	-1437.5525033105496	1.0502647644527157	0.6697455048561096
52	-1494.567957524826	0.3335895192363492	0.6435943245887756
53	-1468.5209897265006	0.5841766568151141	0.7141092419624329
54	-1505.47048430396	0.28161474314406115	0.6323146820068359
55	-1449.8994918283283	0.8037477371939628	0.7205296158790588
56	-1466.3121688604178	0.5168438239481427	0.7330664992332458
57	-1499.2063166152316	0.5287576577222444	0.658724844455719
58	-1521.3119437763246	0.29858411552404346	0.7091464400291443
59	-1467.0631192213184	0.7384614511603179	0.7753831744194031
60	-1438.3246392768744	1.068521171457828	0.7695691585540771
61	-1453.0842992645557	0.3584506812818912	0.7086464166641235
62	-1438.0119667383815	0.8218027977116688	0.6786070466041565
63	-1322.9422694807317	1.8550929991324512	0.7421174645423889
64	-1474.3314012517712	0.029800657811070354	0.7083693742752075
65	-1419.202869809641	1.1025612107866407	0.7093752026557922
66	-1440.630520725808	1.1436025642999406	0.6735129952430725
67	-1464.0292426580856	0.7434758181360395	0.7604140043258667
68	-1442.8134383995184	0.8763423255622529	0.7184221744537354
69	-1495.4864081263074	0.5334023407072689	0.7025325894355774
70	-1480.6821960833022	0.5611564985862182	0.7275530099868774
71	-1474.5750787099898	0.66919027621979	0.7668567895889282
72	-1488.1643060194963	0.48494639282874796	0.7493457198143005
73	-1389.2984316441646	1.2037992647663613	0.8128543496131897
74	-1393.4445496764763	1.4536698669402426	0.7836108207702637
75	-1549.5673763719612	0.04096199790824375	0.7477753758430481
76	-1549.0664100287145	0.5347889054802503	0.7190173864364624
77	-1426.8638775404056	1.4156320685905435	0.7396515011787415
78	-1446.283175622569	0.8653741813442812	0.740242063999176
79	-1468.2922753845303	0.4404941614215739	0.7307787537574768
80	-1422.1559103663776	1.1736395091292793	0.757999837398529
81	-1469.8845253590218	0.4710807672692489	0.7727987766265869
82	-1477.3844573783701	0.7329038084952796	0.7677992582321167
83	-1427.5477282434256	1.0797254202950606	0.80318284034729
84	-1449.898912669325	0.38167648677915916	0.7494164705276489
85	-1520.7092330363987	0.5241127288226575	0.7209601402282715
86	-1408.1095336817355	1.2923482884494726	0.785828709602356
87	-1395.670301924255	1.2299473556044702	0.8020852208137512
88	-1360.7534036311147	1.3176951297543433	0.7767558693885803
89	-1431.52908339736	0.8997478298661281	0.7424623370170593
90	-1533.2331334941698	-0.04145067814308616	0.7024207711219788
91	-1474.8962995315396	0.7747867970848484	0.8324866890907288
92	-1574.2759268488978	-0.14073452271673034	0.7626681923866272
93	-1516.2448337292856	0.6654157165015394	0.7788366675376892
94	-1547.834079947053	0.14914299408944556	0.7793652415275574
95	-1434.0772678854405	1.0618780453939745	0.7888557314872742
96	-1502.4465674301475	0.5568798234951641	0.7817017436027527
97	-1440.5938343813973	1.1161201499841693	0.786736011505127
98	-1517.7057374034255	-0.09217190626265051	0.7659702897071838
99	-1485.5448296333554	0.4787125445575434	0.8194912672042847
100	-1418.3578292649722	1.2357707109211769	0.7781156897544861
101	-1511.3902043328803	0.3731061664102741	0.8020756840705872
102	-1502.296167409111	0.1652759931508484	0.8026443123817444
103	-1475.9054062875489	0.7047942825553878	0.7819601893424988
104	-1491.7756709992866	0.49772848231361533	0.8253546953201294
105	-1461.4544732337206	0.9359897456736043	0.8160868287086487
106	-1332.940273059115	2.09392002764061	0.7937971949577332
107	-1411.4474853058418	0.9762314102498718	0.8125189542770386
108	-1432.9010634299646	1.3718573016876603	0.8181049823760986
109	-1460.2945272808329	0.6180299735991119	0.828250527381897
110	-1406.3146002251356	0.9095762534321391	0.8379545211791992
111	-1460.4895654308086	0.6223875675549093	0.833490788936615
112	-1505.7754745125023	0.683644126780747	0.8408693075180054
113	-1536.8939886848923	0.19594292290560414	0.8285027742385864
114	-1460.4477936466324	0.9352491042901799	0.8624571561813354
115	-1403.3715365433675	1.259952640021542	0.8226727843284607
116	-1358.8107243166323	1.597862433026962	0.8651500940322876
117	-1425.002255892888	1.119012474000435	0.8557495474815369
118	-1372.7649262367042	1.5841819283950547	0.8482413291931152
119	-1362.8006055852188	1.5610946413202262	0.8493967056274414
120	-1410.000145014458	0.769021551436423	0.8450680375099182
121	-1514.9152121533668	0.20821553080503624	0.8650267720222473
122	-1449.9437802606349	1.051672108687065	0.8725912570953369
123	-1450.7099400471404	0.7991893294679214	0.8522213101387024
124	-1448.5136661779156	0.7850984778720826	0.8744894862174988
125	-1523.0550342897616	0.38742222105161045	0.8642407655715942
126	-1580.0089741725717	-0.13811595409713567	0.8755605220794678
127	-1544.4185224006517	0.5685474796120296	0.8731980919837952
128	-1546.9699022065543	0.3486422470492025	0.8807783722877502
129	-1447.11449889184	0.8920047002354153	0.8949715495109558
130	-1458.620584108773	0.5340332341764168	0.8863591551780701
131	-1456.0468594800736	0.7092675128254958	0.891217827796936
132	-1516.3537810941439	0.25600772838681807	0.8839770555496216
133	-1398.1055960358037	1.58754423773307	0.9036679267883301
134	-1460.74379379371	0.4709115938116201	0.9068489670753479
135	-1422.8465408891436	0.890468669175445	0.8873592019081116
136	-1445.4935518442303	0.6084332732894744	0.8884939551353455
137	-1409.2662306086413	1.1364594434598576	0.8953912854194641
138	-1391.9257649274168	1.07978784416354	0.8964987993240356
139	-1496.3394743995864	0.2299891445371396	0.9129436016082764
140	-1555.3427437697694	-0.1200189962535537	0.9056875109672546
141	-1459.4618989327284	0.9095001112657632	0.915706992149353
142	-1429.6726549251482	0.9805126565441479	0.9040200114250183
143	-1356.1862737353943	1.5326048425516319	0.9128956198692322
144	-1398.135634576782	1.0153415214978028	0.9130296111106873
145	-1376.5043226793373	1.3749474413458702	0.9063888192176819
146	-1474.4776665428108	0.43232906490041456	0.9158602356910706
147	-1461.544277623204	0.70786674596638	0.8983200788497925
148	-1560.784001048392	0.2683295175984888	0.8972300887107849
149	-1443.1905359707748	1.0296016783719202	0.9253020882606506
150	-1440.533287534391	1.0579448327535124	0.9372544884681702
151	-1504.6670059425805	0.29321531307697135	0.9236569404602051
152	-1548.2253623684815	0.29315474975311817	0.9140751957893372
153	-1546.852548165827	0.3524964537150509	0.9102359414100647
154	-1421.6380993613534	1.5020850881213077	0.9188585877418518
155	-1387.1804395687677	1.4957214824873968	0.9075734615325928
156	-1545.0439870439523	0.16686182017296095	0.9273911118507385
157	-1447.7484760967036	0.7841755500933998	0.9235482215881348
158	-1394.7354708587588	1.2304909468160092	0.9271799921989441
159	-1400.8007839321765	1.5033590779031945	0.9372619390487671
160	-1380.9694517072253	1.3032408923120786	0.915645956993103
161	-1394.9079986995116	0.94335314776563	0.924980103969574
162	-1417.622316918786	1.0602739882818557	0.9167413711547852
163	-1406.9587230461475	1.172467976249782	0.9253303408622742
164	-1502.2626975192693	0.11725187266430008	0.93149334192276
165	-1500.4337745180883	0.9313765796162338	0.9352826476097107
166	-1465.0838447761691	0.34423700496923243	0.9246283173561096
167	-1550.6051169732657	0.2019472828810684	0.9425152540206909
168	-1550.4829552875751	0.08997768581340931	0.946557879447937
169	-1432.4285324235038	1.2405955085435716	0.9140297770500183
170	-1464.0988784706067	0.6554619939664157	0.9391888380050659
171	-1406.9495214924075	1.2452706313458168	0.9267738461494446
172	-1399.8073964560174	0.7625092540367034	0.9291442632675171
173	-1486.6739661164993	0.3782568894275087	0.919714093208313
174	-1412.3731943833873	1.2974016749577486	0.937163770198822
175	-1455.426597496825	0.3323189170741392	0.9461786150932312
176	-1436.8711804775817	0.9611717882853842	0.9267629384994507
177	-1576.4194657239332	-0.3304718629635166	0.9450934529304504
178	-1522.9227346369296	0.5073530191033239	0.9557236433029175
179	-1560.395583355301	0.14729500551331198	0.9561836123466492
180	-1518.2644580295346	0.6421647340957599	0.9607633352279663
181	-1523.0606011778118	0.2926214801552807	0.953091561794281
182	-1517.8128607899216	0.9281062828317841	0.9408261179924011
183	-1567.4223791277182	0.20245847958407026	0.9427497386932373
184	-1539.2715707597372	0.24165847672541807	0.9548419117927551
185	-1437.984235251397	1.052855708074781	0.953306257724762
186	-1402.1504942650222	1.0498855647469791	0.9543318152427673
187	-1432.308020456648	1.0161105926276954	0.9532827138900757
188	-1461.5601073030714	0.8275161054299993	0.9509044885635376
189	-1523.91340563854	-0.13108850970192498	0.9585168361663818
190	-1525.5118554257936	0.42487624954062003	0.9399020671844482
191	-1502.2422657905165	0.5276735387088333	0.9629378914833069
192	-1552.0788380538725	-0.11935654792804634	0.9665517807006836
193	-1439.8238903016718	0.9495675942290398	0.9587039351463318
194	-1475.6145190098312	0.6172459119867973	0.9516586661338806
195	-1464.3265235240406	0.7023763509153107	0.9632765650749207
196	-1499.0448942477706	0.24449304903946947	0.9758201837539673
197	-1439.5427300605609	0.9242474180404778	0.9495256543159485
198	-1456.7261871222208	0.6450758601762688	0.9901309013366699
199	-1461.3886551554917	0.8217874664686233	0.9738742709159851
200	-1568.9309540839536	-0.35845524690623837	0.9847290515899658
201	-1446.661929766463	1.4347721873207706	0.9499245285987854
202	-1511.9434228165017	0.46326222022531915	0.9724562168121338
203	-1542.8997149420939	0.2767168483046413	1.0147228240966797
204	-1458.9474146015402	1.0054850445853014	0.9596869945526123
205	-1500.9574501362208	0.39111729533308537	0.98177570104599
206	-1467.882471991099	0.8608131093537288	0.9785789847373962
207	-1387.0345630936376	1.296809074058191	0.9845285415649414
208	-1350.5380295422854	1.5961828005166383	0.9587262868881226
209	-1397.5894846070842	0.9467479389576516	0.9779559373855591
210	-1413.1987348686516	1.2280586937873315	1.0025540590286255
211	-1494.6385169346554	0.3687343803790506	0.9948015809059143
212	-1476.3721340416012	0.683925570179937	0.9889517426490784
213	-1416.0979715312092	1.2300698489061774	1.0054314136505127
214	-1428.562221860995	0.9028838133330471	1.0045075416564941
215	-1467.495607899808	0.5614438159028452	1.022167682647705
216	-1416.640774348177	1.26124569622013	1.0043158531188965
217	-1540.772804119936	0.2284137501709117	1.023021936416626
218	-1461.8648032780022	1.0302908640787687	0.9837436079978943
219	-1372.3323502639423	1.347086710249738	1.0344994068145752
220	-1438.4617005245843	0.657119468851418	0.9870909452438354
221	-1473.1039300840011	0.8726221497021717	1.019554853439331
222	-1457.5181771169714	0.41404810942741177	1.0381916761398315
223	-1458.7034434178745	1.1147846231233631	0.9889566898345947
224	-1394.8898641061303	1.3499669354440025	0.9951406121253967
225	-1382.5398090286892	1.1294962743294394	0.9680538773536682
226	-1339.6079281202021	1.397254690631493	1.0140659809112549
227	-1351.2744862444747	1.5013013011182994	1.0195574760437012
228	-1386.0776197549505	0.9942334783693083	1.0231199264526367
229	-1414.2805244814492	1.2490664914317382	1.0132923126220703
230	-1473.7185923132004	0.595615107316026	0.983587384223938
231	-1488.7745900420782	0.39288882072636583	1.0261468887329102
232	-1465.3307300549156	0.5118019094394571	1.0416595935821533
233	-1462.8013198827875	0.8584187812956813	1.009258508682251
234	-1478.506239417335	0.5947961443432699	1.0086783170700073
235	-1434.046841428938	1.0009343202511773	1.0111761093139648
236	-1489.1406218100908	0.4534232043792725	1.0771825313568115
237	-1491.6748415695981	0.398508678321414	1.0385273694992065
238	-1494.4801020446016	0.7086654235732053	1.0611016750335693
239	-1491.1960564345468	0.7355952126319732	1.048028826713562
240	-1478.9025222812465	0.5661926156100106	1.0439203977584839
241	-1483.0486237394807	0.670888654663075	0.9844710230827332
242	-1482.4933765984688	0.7073157466708297	1.0677199363708496
243	-1452.9360481668937	0.5808525803707512	1.083781361579895
244	-1410.8194988047499	1.2831955138709374	1.0345853567123413
245	-1429.9680686767103	0.6665449563570035	1.0919305086135864
246	-1473.224642984802	0.6111897119947769	1.0770647525787354
247	-1619.47784740019	-0.5420953342723889	1.1235182285308838
248	-1562.2509677207433	0.32273139504400106	1.076585292816162
249	-1512.1888656297645	0.27534171705765514	1.0849822759628296
250	-1458.3209082801234	1.1613059308364995	1.0815958976745605
251	-1527.2561724153984	-0.07402773878646408	1.0933915376663208
252	-1503.4436331057195	0.5601022938646625	1.0644735097885132
253	-1451.6529531861884	0.8891786752536206	1.0914355516433716
254	-1511.0087026128135	0.28207069162783527	1.1508424282073975
255	-1490.9040820902871	0.7299241866387495	1.0043479204177856
256	-1423.8385963194337	1.176389865894786	1.053304672241211
257	-1371.6660562766588	1.5331835752441638	1.0449817180633545
258	-1485.189740912332	0.03681224461940441	1.09938645362854
259	-1426.801203199508	1.237023340906203	0.9907374978065491
260	-1425.5536604010729	0.6715804995016975	1.123463749885559
261	-1543.8179718093916	-0.030101135933996638	1.1392391920089722
262	-1530.7108966707576	0.3270157596054763	1.0940766334533691
263	-1583.8167966709464	0.20292632598869187	1.1413084268569946
264	-1546.0158792387329	0.5839749844460793	1.0790302753448486
265	-1556.7046424958537	0.38708187813843586	1.18343985080719
266	-1471.7753875880353	0.9042289662112428	1.0330021381378174
267	-1474.1719928070881	0.6669372722277306	1.0849792957305908
268	-1459.5568995542067	1.0069536758692694	1.1227295398712158
269	-1469.1296859587387	0.5009019409810155	1.1313453912734985
270	-1508.00597433973	0.3474107529645238	1.0750659704208374
271	-1455.5465620638663	0.8367388777676965	1.0798853635787964
272	-1433.2291144373103	1.3102627902436823	1.0732640027999878
273	-1486.8110911189212	0.5611863558278045	1.1003527641296387
274	-1441.177309309856	0.9913648747066514	1.1566580533981323
275	-1416.8047714137485	0.9381244528379469	1.132073163986206
276	-1388.701987112073	1.0581465158707477	1.1719764471054077
277	-1391.398974575733	1.4255580464593816	1.0713120698928833
278	-1478.392678154117	0.6930306982290966	1.182224154472351
279	-1551.4279417026532	-0.15737561567149141	1.1994231939315796
280	-1463.391920874316	1.0156559830133605	1.1655843257904053
281	-1472.1367859014076	0.8442237410655712	1.198862910270691
282	-1405.561979591455	1.1080454130507897	1.1189954280853271
283	-1440.3539548990238	0.960225210059709	1.2081897258758545
284	-1421.4396688301176	1.2830312657543164	1.2035466432571411
285	-1494.062737020097	0.3433579047100837	1.253196358680725
286	-1518.4060515534209	0.5429002489602178	1.2571181058883667
287	-1448.2684047986736	0.8246752317926036	1.233404517173767
288	-1466.1761547962033	0.9098033101173677	1.2625852823257446
289	-1517.6108291288906	0.590354450884675	1.2537024021148682
290	-1552.6818674334993	0.1435710378613729	1.2965519428253174
291	-1424.4625766962015	1.473258626054757	1.1254385709762573
292	-1410.1779885767319	1.0770861893542847	1.1448888778686523
293	-1478.2165851456532	0.4504546614293954	1.2363733053207397
294	-1458.1597098055317	0.7835838034343017	1.034240484237671
295	-1413.615450645913	1.097747023817508	1.1554254293441772
296	-1380.7993663292093	1.2143786239953234	1.2684890031814575
297	-1386.9157046190967	1.3314226800754065	1.1680296659469604
298	-1374.9861342795193	0.846756445754217	1.241614818572998
299	-1483.548524729262	0.5648846050845738	1.3418511152267456
300	-1529.6485011552936	0.5878143863263441	1.3536323308944702
301	-1625.9839993746257	-0.4821515943807204	1.3347150087356567
302	-1555.8810193799736	0.5102969213364951	1.2529244422912598
303	-1510.0707730874965	0.6359342967729095	1.2283838987350464
304	-1450.324263883194	1.360838016731599	1.1205023527145386
305	-1394.8003046417086	1.3571457568788625	1.2423555850982666
306	-1469.110418228022	0.3848929136435846	1.243755578994751
307	-1456.144310720874	0.6760724519091802	1.2123243808746338
308	-1486.8890547169945	0.7011284941575127	1.3300228118896484
309	-1425.6098347813559	0.8856528467335858	1.2703830003738403
310	-1351.5989849795546	1.7707712365055843	1.2354004383087158
311	-1429.8486197982895	0.6522929036832298	1.3930364847183228
312	-1499.3658021256304	0.17017027194945258	1.3924399614334106
313	-1484.1755587818704	0.9410058135742079	1.3453624248504639
314	-1419.11160976495	1.053289747945456	1.205145001411438
315	-1489.4959744953214	0.17078116252296482	1.3057606220245361
316	-1427.283600879771	1.031476899019197	1.0478568077087402
317	-1503.399781836465	0.19924682282890446	1.488810420036316
318	-1499.3583579393612	0.5511886215917657	0.9855858087539673
319	-1476.264309500028	0.4589667041446138	1.4160828590393066
320	-1416.3382230980965	1.2210960789445022	0.8213180303573608
321	-1422.4116218102579	0.9026588394617118	1.0687097311019897
322	-1526.3485063669477	0.14490017056707347	1.2675775289535522
323	-1545.370178209327	0.1791899123285163	1.3105007410049438
324	-1529.9728712986253	0.5345178916241092	1.067474126815796
325	-1489.9193979520267	0.5171337358253273	1.3743507862091064
326	-1530.4684402433995	0.439044210562524	1.224180817604065
327	-1433.3397053853746	1.015204712193703	1.1502723693847656
328	-1499.8391914418562	0.6935016645982126	1.359406590461731
329	-1423.5747251434166	0.9665714981620932	1.1303606033325195
330	-1328.5476267256304	1.3799559247500197	1.276100993156433
331	-1425.0528015188404	0.23496386416743803	1.3493242263793945
332	-1485.882564574215	0.3843035845246515	1.2854602336883545
333	-1416.6992156882939	1.2700990987681087	1.4771894216537476
334	-1510.1954650114742	0.25580152219725777	1.3167790174484253
335	-1410.8188891879158	1.116416441730946	1.2484248876571655
336	-1452.9638839196564	0.6516548432947155	1.2475301027297974
337	-1479.5587247238645	0.44729268223322644	1.5004560947418213
338	-1493.0015477119298	0.6039276020852353	1.435352087020874
339	-1513.4665722069208	0.5669421362408251	1.387432336807251
340	-1550.9688484885485	0.30633459089453907	1.301454782485962
341	-1505.9952824436323	0.4681847896174588	1.2646065950393677
342	-1413.4534122848174	1.1651688628066996	1.432800531387329
343	-1505.5037182742471	0.16277726002598256	1.442290186882019
344	-1523.9014474288945	0.19848286606064672	1.5648033618927002
345	-1419.27754079982	1.4155119352896028	1.4318381547927856
346	-1422.795304853526	1.0303263092955532	1.5165356397628784
347	-1373.2201164442356	1.5672521350812307	1.1859620809555054
348	-1405.3491401556898	0.9327032176103127	1.4052355289459229
349	-1496.0751655578997	0.19320113443946457	1.2815700769424438
350	-1434.5293690025537	1.052835310941446	1.2755447626113892
351	-1488.560400848834	0.3374428132103055	1.5511994361877441
352	-1493.8540832192987	0.40689394085181413	1.4012951850891113
353	-1477.2078911120022	0.9441858278177369	1.5134795904159546
354	-1509.8932806060602	0.21929932048625383	1.5090301036834717
355	-1512.3822936908598	0.5515071046522455	1.3875011205673218
356	-1438.1818172091635	0.8196156359412899	1.4188734292984009
357	-1465.711413417194	0.7094005898508023	1.6469905376434326
358	-1451.4830234273763	0.5538917309582956	1.6212801933288574
359	-1384.290714337342	1.447061125343143	1.3983837366104126
360	-1408.8322997515984	1.267680646637174	1.564564824104309
361	-1458.5402220213334	0.31627242911037917	1.6389155387878418
362	-1525.1657549481383	0.4021501150353448	1.3574970960617065
363	-1462.1502540088343	0.782661849827172	1.2700111865997314
364	-1429.6543806586114	0.9088114084772296	1.2147526741027832
365	-1383.083442218275	1.1702120951461341	1.030677318572998
366	-1474.2862845489803	0.5435897091169721	1.2832964658737183
367	-1358.9669239668212	1.2736150483409876	1.4269810914993286
368	-1471.06893915044	0.41529927147371676	1.4922351837158203
369	-1407.512824571069	1.2341318813413775	1.378543734550476
370	-1575.4767479788857	-0.264879421308214	1.8491559028625488
371	-1413.3848539839935	1.1331195422976192	1.1837400197982788
372	-1504.6287890396773	0.019101130710919373	1.8158904314041138
373	-1518.815431580736	0.18974707864967835	1.3251971006393433
374	-1401.4984698569012	1.3826705590949433	1.367327094078064
375	-1397.868752422107	1.38540970452847	1.203102707862854
376	-1422.2727706947956	0.6806119067049583	1.185340166091919
377	-1453.9833445595036	0.772433961759627	1.2915860414505005
378	-1462.3394820655408	0.7606517354102582	1.51528799533844
379	-1457.3266230424201	0.5962236228504537	1.386603832244873
380	-1354.9519795337678	2.1587930881469517	1.365928053855896
381	-1459.188268269978	0.5944805046342267	1.597730278968811
382	-1576.9692346754662	-0.3233139463913532	1.7891910076141357
383	-1595.5388126614887	-0.30624253469297097	1.6754831075668335
384	-1513.2532090022612	0.7228072165081846	1.2728583812713623
385	-1505.03179044937	0.6280670386039495	1.3722783327102661
386	-1491.8358182676193	0.634492135403957	1.4716534614562988
387	-1495.2103923696864	0.49407165020263905	1.3564083576202393
388	-1397.3485391602771	1.2487510192507751	1.4213987588882446
389	-1427.3704984443686	0.909278397936961	1.56203031539917
390	-1465.1608590675037	0.563197101806339	1.6012734174728394
391	-1481.2253185305055	0.7185881085464746	1.6295675039291382
392	-1501.3781173688956	0.2154586202765598	1.7524523735046387
393	-1430.6372440457349	0.9071526779919072	1.4552003145217896
394	-1494.2387215640308	0.5318577424137934	1.861567497253418
395	-1525.5328114488766	0.11101408057036347	1.4025042057037354
396	-1559.0852138671057	0.273068938067026	1.736385464668274
397	-1503.5253463431466	0.7349592277839193	1.5361320972442627
398	-1454.2211252207405	1.2414631717904492	1.2585179805755615
399	-1442.1896124692244	0.8486298652710855	1.3815468549728394
400	-1583.7905606131883	-0.21609518136527855	1.9889520406723022
401	-1497.999704539488	0.7582016188629003	1.283038854598999
402	-1510.8923541274535	0.5432056056338546	1.469624638557434
403	-1460.8240194301327	0.766027834413791	1.145346999168396
404	-1553.8735492240064	-0.17824763074530267	1.8343974351882935
405	-1501.126695944393	1.111413463728428	1.761947751045227
406	-1396.2183787842107	1.3563499336853744	1.5113765001296997
407	-1436.5039516691388	0.5594417255007589	1.3069654703140259
408	-1515.7600570049688	0.1470555085394404	1.5436534881591797
409	-1488.7218008360824	0.5508309415000829	1.4726287126541138
410	-1451.5869816163424	1.2489582487262476	1.3064807653427124
411	-1379.6182368645975	1.4789180005837754	1.0774421691894531
412	-1425.2995715008024	0.677626819694228	1.647788643836975
413	-1430.7518734522846	0.880358568300891	1.4147608280181885
414	-1516.893226357556	0.3060630983574341	1.9228461980819702
415	-1522.1475722338766	0.2596992430727132	1.5778497457504272
416	-1449.6511001549645	0.779120426828808	1.8997325897216797
417	-1432.422741220215	1.3290023285126131	1.6299487352371216
418	-1533.223880814097	-0.09445798592036968	1.8032594919204712
419	-1375.2172166295895	1.3510223059600326	1.2116374969482422
420	-1384.8237518268563	1.437477045145802	1.3747293949127197
421	-1421.5530089196293	0.9047930600446703	1.3398391008377075
422	-1423.0935882022281	0.7056145785396271	1.5865375995635986
423	-1534.5732328624274	0.15404252346121156	1.8351036310195923
424	-1432.5789055476146	1.046709350549068	1.4397424459457397
425	-1423.3910501381265	0.8715277588659115	1.5856233835220337
426	-1424.1087687648028	1.0972126686745214	1.533323049545288
427	-1380.886246549827	1.0576357730378523	1.5232536792755127
428	-1501.3888227879456	0.26153292944813095	1.6235079765319824
429	-1552.635775529003	-0.13305991828732144	1.800438642501831
430	-1478.1304381680304	0.7673530006701896	1.8749054670333862
431	-1469.167288702568	0.7201148846018864	1.2809197902679443
432	-1491.0831385643123	0.2724275697422652	1.72506844997406
433	-1466.8753498766737	0.9282600739884709	1.2996633052825928
434	-1440.4918419107203	0.5245018573303183	1.5847058296203613
435	-1430.3733756929694	0.8394070539544611	1.139726161956787
436	-1447.4889240724347	0.6462198228289856	1.6161952018737793
437	-1445.1828067519284	1.2995386752588152	1.2258636951446533
438	-1484.410461549267	0.652369957407295	1.5076476335525513
439	-1565.9366817392586	0.1095387514058711	1.5017790794372559
440	-1485.5974962474918	0.7818194148969849	1.5011100769042969
441	-1436.9546985641014	0.7016542542343964	1.5633114576339722
442	-1331.566513245282	1.876923307125104	1.4004805088043213
443	-1417.1028154195567	1.1125707969483276	1.3957873582839966
444	-1448.4260755495382	0.7914374225720555	1.5542795658111572
445	-1535.1181712300286	0.16704136732860017	1.7970980405807495
446	-1445.4511078609717	0.9474672280570859	1.470383644104004
447	-1537.0931667783057	-0.003858801870263416	2.0136380195617676
448	-1430.794643839599	1.5206034233700705	1.7938519716262817
449	-1453.9149258140292	0.8633077393536112	1.5855047702789307
450	-1484.6866609215265	0.5927445827941005	1.5901252031326294
451	-1464.8868251143447	0.6597079950598833	1.8037530183792114
452	-1456.946860690346	0.9891601866237111	1.8098561763763428
453	-1507.0067781536486	0.34206927853068564	1.5807642936706543
454	-1453.9669448195903	0.8970937466491157	1.9904109239578247
455	-1473.656749243411	0.6883209789329241	1.82084321975708
456	-1470.6969755450798	1.0008696212222987	0.9702191352844238
457	-1424.3271966973402	1.1828085453116206	-3.287022590637207
458	-1427.375215101553	0.9710564682728237	0.4651203751564026
459	-1404.221461988329	0.941159416131476	0.26087450981140137
460	-1490.6594676450734	0.3790441454494783	0.1849382072687149
461	-1454.1699799775126	0.8595270564418118	1.0312305688858032
462	-1517.6858747641759	0.45003444385300484	0.6880688071250916
463	-1575.3571301613028	-0.22684415367385743	0.5846700668334961
464	-1457.7860672916734	1.2045756317754401	1.078575611114502
465	-1434.2524472740224	1.1732867374462894	1.0323842763900757
466	-1440.8647843996898	0.8585626738940991	1.0232847929000854
467	-1422.6690709671882	1.1861580111388568	0.8428154587745667
468	-1384.7749102396174	1.580353738301906	0.7649874091148376
469	-1430.7596717515266	0.4198753701963276	1.0284113883972168
470	-1502.1373851721069	0.5141707051448318	1.0697978734970093
471	-1443.6657595652614	1.167114145882075	0.9459863305091858
472	-1522.2602043273318	0.07224035508991289	1.1179120540618896
473	-1550.29432697857	0.09529165454274337	1.0370503664016724
474	-1500.095279213691	0.7649754199767392	0.787716805934906
475	-1569.2497563360535	-0.2646340475368365	1.2323044538497925
476	-1394.3513428941824	1.6836250442839464	0.9031933546066284
477	-1398.989882003192	0.964085585891241	1.019019603729248
478	-1307.5444039184981	1.6392617152796558	0.9524491429328918
479	-1370.2802326720466	1.1241010406077019	0.9946833848953247
480	-1396.5304833722	1.0637003396506859	0.9658609628677368
481	-1449.6966536047173	0.7293953396253773	1.0082186460494995
482	-1490.698124346371	0.8172492735177176	1.043886423110962
483	-1429.522584334893	0.9811925820738332	1.1001452207565308
484	-1492.0110818182939	0.6545799726173138	1.2317619323730469
485	-1466.932861436647	0.4298161336826931	1.0953497886657715
486	-1465.0173026450468	0.9569811869948449	1.0262306928634644
487	-1439.3698201290076	0.7344341841568883	1.075907826423645
488	-1452.3887848151505	0.9132590753560659	1.0635219812393188
489	-1433.520365793724	0.9320287588861123	1.029658555984497
490	-1418.136847696943	0.6096023275218913	1.1993037462234497
491	-1394.7566249540819	1.2087203337855945	1.0450268983840942
492	-1499.2802284179252	0.1522021736142284	1.2316983938217163
493	-1461.0845314381295	0.537244544226778	1.2574145793914795
494	-1445.294618751054	1.170238950278768	1.1474450826644897
495	-1428.806563574736	0.8364234202365174	1.0996941328048706
496	-1444.9761360973027	0.917886701137104	1.1119002103805542
497	-1475.428475411831	0.8905919803059846	1.2425388097763062
498	-1461.910284315415	0.7372698239984279	1.1875064373016357
499	-1524.4675201048212	0.5676302415964657	1.2170085906982422
500	-1511.3711902144648	0.3595989970693705	1.2541284561157227
501	-1426.59021996735	1.2999025133315218	1.1399649381637573
502	-1343.5072648983048	1.473388540417824	1.1242622137069702
503	-1356.0327373445862	1.3770564045978184	1.1597604751586914
504	-1418.5608937720542	0.7717483002997839	1.2181700468063354
505	-1431.0520257535907	0.8243855264283984	1.2332098484039307
506	-1426.946409029661	0.8989076863086116	1.1568132638931274
507	-1438.7867847973748	0.8791002353473646	1.2980235815048218
508	-1507.249256734126	0.12795608290238294	1.4368759393692017
509	-1509.7372282035415	0.5350691478798472	1.4634928703308105
510	-1477.3321787574607	0.6635161136784187	1.2172399759292603
511	-1488.175066258443	0.81676549463021	1.4379398822784424
512	-1551.5326355607547	0.07107096426983543	1.5702362060546875
513	-1499.8710245817417	0.7501346858037006	1.4187873601913452
514	-1543.184843353568	0.039386914971631125	1.5010957717895508
515	-1581.0416167047883	0.05621293465582096	1.6753169298171997
516	-1476.6096715582491	0.9036621038161146	1.3985817432403564
517	-1492.5210003634877	0.6634651793609321	1.5801244974136353
518	-1536.876003732969	0.14714275496751986	1.7578644752502441
519	-1441.2861628694814	0.8910649197182319	1.4453872442245483
520	-1445.3353759186296	1.0279799296190448	1.4542416334152222
521	-1429.441685454965	0.7926432506022102	1.540228247642517
522	-1439.3076052791919	0.8453295583672366	1.5254814624786377
523	-1448.025236188078	0.6282095505555848	1.5527536869049072
524	-1401.4595643147404	1.4702740560528973	1.2204922437667847
525	-1518.0746392598185	0.11002939750403981	1.809629201889038
526	-1448.1001848509609	0.7797178262387998	1.5292961597442627
527	-1451.131102056081	0.6899840687678949	1.8193318843841553
528	-1444.2327567083128	1.253132341443827	1.4630935192108154
529	-1434.5828776089097	1.1852195071135023	1.5362792015075684
530	-1452.0904519564074	0.7871908024248839	1.5810723304748535
531	-1451.0223165317661	0.8905295457592126	1.5956944227218628
532	-1539.141405287851	0.2415103138714025	1.9612698554992676
533	-1453.5641532495047	0.7629384294120065	1.7556943893432617
534	-1468.7824608273154	0.6261662740397277	1.77212393283844
535	-1468.075448401073	0.5682919047761652	1.5270010232925415
536	-1525.8004428275444	0.1515182003171055	1.8665447235107422
537	-1488.4377321592112	0.6909580547531337	1.85414719581604
538	-1526.4369001202742	0.37858853930741265	1.5828111171722412
539	-1436.7518150411763	1.0947828067007077	1.4268107414245605
540	-1409.354278838916	1.0981838904347545	1.3933266401290894
541	-1462.560354508293	0.5744005810199233	1.8601877689361572
542	-1414.181714490835	1.3410679331097257	1.4621269702911377
543	-1470.9194631846337	0.649550873703511	1.6240644454956055
544	-1463.6742023503214	0.629154178759207	1.9692425727844238
545	-1449.7611332054219	0.6069616883180944	1.7616242170333862
546	-1467.3956015783162	0.5111698114106794	1.7480005025863647
547	-1463.815047375716	1.0124621103196474	1.5989389419555664
548	-1400.5488506017443	1.3487445950770802	1.7087639570236206
549	-1440.8882099260427	0.42399020776184687	1.8375753164291382
550	-1450.8674200246473	0.8997738756016751	1.88096284866333
551	-1528.6309930772225	-0.24742577215241862	1.9829883575439453
552	-1504.1112862941557	0.3767140129335302	1.0400583744049072
553	-1427.0260855351255	1.2010634554908755	1.3208348751068115
554	-1543.4690877362657	0.3800258313947014	0.17309170961380005
555	-1450.664823723619	1.3624041224443082	-3.096379280090332
556	-1406.5854684463277	1.1971136809672314	0.12677305936813354
557	-1423.8497544340873	0.9173344655844421	0.08229447901248932
558	-1369.2325348455474	1.5098821854364157	-1.0690388679504395
559	-1344.31078018761	1.5424367995183703	0.1307089477777481
560	-1415.1143067327394	0.8006065916668368	0.9322636723518372
561	-1454.9169840659208	0.755927413506608	0.7882482409477234
562	-1383.3242171363836	1.451125866848666	0.7300488352775574
563	-1393.5958712245645	1.019502990091478	0.5862982273101807
564	-1587.1016820367563	-0.4737418588281372	1.0693788528442383
565	-1578.975400780792	-0.006489912048029257	1.0233864784240723
566	-1510.6179440177195	0.6884963145203389	0.9630489349365234
567	-1484.6118920320403	0.6495759781518458	0.8367301821708679
568	-1375.1959616231493	1.5760304472077031	0.8731571435928345
569	-1480.700458249245	0.47364598654147216	0.9330961108207703
570	-1506.3570869879309	0.6245686944532914	0.8318880796432495
571	-1559.3467303794343	0.06133390075543783	0.7946999073028564
572	-1541.1410328712327	0.6918155054110375	0.866276741027832
573	-1628.5593809161662	-0.5728698648176315	0.9504279494285583
574	-1579.3234957026502	0.292335235603056	1.0367717742919922
575	-1545.9602546070237	0.1950084648145106	1.0647846460342407
576	-1483.1900296026404	0.8989687635451545	0.9250832200050354
577	-1559.4785526944288	-0.19165024266970015	1.3133955001831055
578	-1557.3704764652139	0.21792979801489284	1.1339610815048218
579	-1459.8797682748072	0.9996020209494539	0.9153425097465515
580	-1411.6507596691497	1.359369770009081	0.966669499874115
581	-1434.021120512688	1.1265639039535145	0.9157390594482422
582	-1436.623870690122	0.913363968282906	0.9768774509429932
583	-1493.6992791140829	0.35797115253144024	1.050987958908081
584	-1447.6720050097415	0.9855944000568941	1.0590221881866455
585	-1403.3819417364818	0.9267957908050791	1.0291451215744019
586	-1376.490346017115	1.0309499315868182	0.9630202651023865
587	-1410.1917777571393	0.9717360609474681	0.9675620794296265
588	-1549.135152680241	-0.102500487623332	1.2912529706954956
589	-1519.0226619699474	0.5980153425466905	1.1473935842514038
590	-1493.8090920865486	0.6028998807495022	1.025979995727539
591	-1472.3031538995172	0.8722606323868323	1.154610514640808
592	-1378.809835283894	1.3700616973286237	0.9481241703033447
593	-1447.4817632873314	0.8805022845045024	1.1219648122787476
594	-1467.8875432995194	0.5760802542130122	1.1343886852264404
595	-1480.9118266877895	0.42736915035720996	1.1463472843170166
596	-1478.8314988353982	0.6379301441975397	1.1424227952957153
597	-1581.510697675256	-0.14405998174572776	1.458196997642517
598	-1484.2519011323423	1.0249281737321718	1.2078700065612793
599	-1555.5099866162486	-0.260375286060424	1.3700789213180542
600	-1506.835492161716	0.8679480093604346	1.278135895729065
601	-1416.675409949767	1.1751256816522513	1.189268708229065
602	-1516.809515745747	0.10328674334900431	1.3007334470748901
603	-1432.2025739344986	1.4235433908047082	1.1282910108566284
604	-1476.7471722924356	0.5575964000898126	1.064719557762146
605	-1486.4105544692313	0.5525297528022001	1.1874845027923584
606	-1531.1461215111065	0.27396712759671366	1.3997362852096558
607	-1488.6864787990462	0.8770056226136246	1.133287787437439
608	-1445.7123253192542	0.8917261802493289	1.2121490240097046
609	-1499.0565713360854	0.23301725641523705	1.4921960830688477
610	-1464.3686845851266	0.7688678520391266	1.3433359861373901
611	-1539.3898921267607	0.04761956461625405	1.567415475845337
612	-1406.9338159928298	1.6545256428635025	1.1951501369476318
613	-1429.055644016098	0.9554622456996241	1.3644880056381226
614	-1464.8647843301774	0.8042085074748804	1.3018560409545898
615	-1504.9427994388511	0.274818191201029	1.6107252836227417
616	-1476.2304829252162	0.9632610543502353	1.3721439838409424
617	-1382.1073253016827	1.3008807118719714	1.274564504623413
618	-1425.000349350844	0.9262168836498951	1.4335522651672363
619	-1406.3444847175747	1.1281168840343498	1.3451117277145386
620	-1423.4562517351337	0.6511290377864654	1.4018950462341309
621	-1420.326147632331	1.1667601431052779	1.5914390087127686
622	-1454.4448766791586	0.4802280780058429	1.4881519079208374
623	-1483.5775272058065	0.39326013548435224	1.6170531511306763
624	-1496.979187420798	0.3527466755255202	1.7390908002853394
625	-1425.086044690928	0.6385527266169079	1.6525301933288574
626	-1475.6759044759776	0.8222624045354989	1.601080060005188
627	-1494.2507463157783	0.4680843603801297	1.671353816986084
628	-1439.2679192584228	0.8950661256117014	1.4103468656539917
629	-1459.8158270762788	0.8544236523565962	1.5060137510299683
630	-1508.3065263537317	0.2271396368800907	1.6627049446105957
631	-1392.997968760742	1.0496681713004503	1.5691616535186768
632	-1454.9576951947317	0.7696489389691212	1.3736279010772705
633	-1444.861960720947	1.0050516220922046	1.373118281364441
634	-1437.3499590569882	0.5656207964527016	1.643754482269287
635	-1385.66922683933	1.2835633361711363	1.5805808305740356
636	-1475.0935811416193	0.5787142041829937	1.8145266771316528
637	-1410.3427402525422	1.4360967590131588	1.5312886238098145
638	-1456.3066801823418	0.5961503844858658	1.5859804153442383
639	-1418.724040212954	0.8446394613436871	1.5953768491744995
640	-1410.5883849451395	1.6161130083948094	1.5127074718475342
641	-1565.604927984894	-0.1942122554375537	2.1605730056762695
642	-1531.9258391016187	0.45175370933304304	1.4646427631378174
643	-1500.9933372294101	0.8782884249778474	1.414371132850647
644	-1450.5841074430757	0.9799113886132934	1.638364553451538
645	-1497.4085748901102	0.7166865383205269	1.8477799892425537
646	-1535.235717477161	0.2365203777265662	1.780181884765625
647	-1399.681552098743	1.3031636374747655	1.117387056350708
648	-1361.73210314778	1.033539956963727	1.8720076084136963
649	-1400.1553727648395	1.0339105803205209	1.9213385581970215
650	-1371.2366001115652	1.0921896482450206	1.75693941116333
651	-1431.8138170054121	0.8078660249489258	1.6861318349838257
652	-1475.8231290242036	0.8508275688024395	1.7833280563354492
653	-1462.1687503564258	0.8350938695231902	1.9425973892211914
654	-1410.5416782086077	1.275404587878745	1.7174032926559448
655	-1449.3938452420452	0.8976866888861803	1.7138011455535889
656	-1414.5505721458744	0.9933706663895403	1.8136303424835205
657	-1429.2541849881636	0.9195546546558866	1.773998737335205
658	-1467.4039725612024	1.0102635024364826	1.8223143815994263
659	-1464.27428731489	0.8231665008056896	1.9088555574417114
660	-1451.1323240971026	1.1342190625121185	1.7088954448699951
661	-1416.2357069656537	1.1039204525901904	1.2398217916488647
662	-1403.0029607457363	1.0927685411804586	1.591286540031433
663	-1473.8242395249254	0.8946337406802329	2.1077816486358643
664	-1383.83329622161	1.6160988122473516	1.3818427324295044
665	-1363.6068807531672	1.3134946230717925	1.4427083730697632
666	-1415.2880668025737	0.7170283683177459	1.950308084487915
667	-1461.0305385176937	0.846211509719788	1.904626727104187
668	-1356.7563438820735	1.7671053159218884	1.6765323877334595
669	-1417.9049491466717	0.7982686180034725	1.7337636947631836
670	-1481.5727246646604	0.6320283639525901	1.8010504245758057
671	-1426.489526755906	0.9814166896367649	1.7374638319015503
672	-1438.636024065656	0.7991871842489208	1.604841947555542
673	-1488.288701976569	0.5070193052017928	1.9899457693099976
674	-1434.1656035600831	1.4897451827126493	1.6877343654632568
675	-1376.4916740927167	1.0138679661787267	1.8210890293121338
676	-1373.456212823991	1.2283499101764395	1.5859378576278687
677	-1441.1847341954863	0.7676179412789638	1.7818477153778076
678	-1485.86632728659	0.6567050680228397	2.139814853668213
679	-1458.2542612420389	0.9472710827887648	1.566196322441101
680	-1527.3765642538538	0.08063728899475384	1.9590444564819336
681	-1575.401229413291	0.04128413945574017	2.4116017818450928
682	-1475.4714652427992	0.7122376355002403	1.317003607749939
683	-1448.5254072687123	1.0599352624373752	1.683779001235962
684	-1490.121573334894	0.4622017421618548	1.433538556098938
685	-1502.061663367289	0.5650353301644425	2.0147054195404053
686	-1546.8485005544585	0.09509178688471415	1.7868008613586426
687	-1468.1936107372	0.6780607251172358	1.3966360092163086
688	-1478.7674807002068	0.3342377498034655	2.1729068756103516
689	-1444.2180608720462	1.344078055962537	0.6801610589027405
690	-1446.281090485336	0.7789138300078964	1.6428594589233398
691	-1544.3871686735363	-0.1580378656926194	1.8817095756530762
692	-1501.6360487025945	0.6731055083758961	1.014330267906189
693	-1481.6464228088444	0.5577512373738914	1.8601731061935425
694	-1456.2710883664197	0.8637031010491093	1.0684689283370972
695	-1408.8177726907518	0.7140900949841684	1.5941084623336792
696	-1454.9038525462038	1.027970825560055	1.3085346221923828
697	-1451.877412793608	1.0804787897917145	0.8611299991607666
698	-1414.388687796058	1.055930101269222	1.4347704648971558
699	-1555.3670176713224	0.20444925460671412	1.6166268587112427
700	-1549.6990091843945	0.14732504085072493	1.622886061668396
701	-1447.2394516727045	0.9400169860527909	1.2810499668121338
702	-1427.7979771727216	1.1082339180196084	1.3205546140670776
703	-1594.1526943894187	-0.4028958723723176	1.1920197010040283
704	-1418.4695215343302	1.4421172562291982	1.6692973375320435
705	-1517.9057075212677	0.1535617251860409	1.8020209074020386
706	-1515.2980886558921	0.6188257822890686	1.4258977174758911
707	-1522.7461146546234	0.22491939999189528	1.5503803491592407
708	-1480.569720954794	0.9116235734975804	1.618127703666687
709	-1422.5566604945288	0.6874377848233603	1.3695999383926392
710	-1467.7130904109185	0.3830153233971228	1.6477599143981934
711	-1345.735062967935	1.7411214625097207	1.355336308479309
712	-1420.9137361968492	1.1363409615299738	1.4206738471984863
713	-1522.915971455132	-0.24276398844608782	1.779907464981079
714	-1521.2337930893277	0.3743161505560513	1.4308795928955078
715	-1472.8917352770882	0.5195060245399001	1.607384443283081
716	-1369.2112305045107	1.8436534482072946	1.4016395807266235
717	-1406.2738175882885	0.8176347068922958	1.4507678747177124
718	-1476.8376051944279	0.4047315093151772	1.60540771484375
719	-1421.4772485575813	1.3074799872671639	1.370346188545227
720	-1433.1984046340926	0.8571521890464907	1.7889223098754883
721	-1500.6297498063934	0.4084595681487671	1.6811416149139404
722	-1439.660788126503	0.9518239267872155	1.4434527158737183
723	-1523.7678047347617	0.6114880413293887	1.9227715730667114
724	-1423.1740771692018	0.9615464313663258	1.5415596961975098
725	-1369.8770707962485	1.5035028760441607	1.6960557699203491
726	-1397.5188349843659	0.9324312760679766	1.5434714555740356
727	-1369.2020884714914	1.0297081144079026	1.5230845212936401
728	-1394.3581277201483	0.8563332913325079	1.519652247428894
729	-1505.7069940341255	0.4840647986177077	1.684025764465332
730	-1510.0326555884649	0.45916721117394577	1.39590322971344
731	-1419.9747640175744	1.1886121971712826	1.7396903038024902
732	-1400.5509333277191	1.0332897931751144	1.8270808458328247
733	-1404.4374513570192	1.3813472476772748	1.4594613313674927
734	-1401.6406870047915	0.9826550649174697	2.0855488777160645
735	-1477.2397062632476	0.7267111889565886	1.6402685642242432
736	-1338.9786119314717	1.748692688564424	1.7543470859527588
737	-1444.4094556639534	0.5318032734336955	1.9248926639556885
738	-1516.2392819575064	0.43615727052792086	1.954879879951477
739	-1510.570580118399	0.5665383512470092	1.8874696493148804
740	-1592.4761261137528	-0.2881153144825908	2.1286299228668213
741	-1562.990136027946	0.2608293561783964	2.228168487548828
742	-1512.7401067814571	0.4968716081383707	1.9939976930618286
743	-1446.8353477338578	0.8580822715439661	1.5763651132583618
744	-1459.3431408783965	0.8026804486715311	2.1422643661499023
745	-1452.291149297931	0.5702820685140229	2.1413822174072266
746	-1429.1937829675737	1.2171694391897558	1.8648176193237305
747	-1461.5995253348055	0.6862473694316303	1.740731954574585
748	-1475.7670703646577	0.5721113727224171	1.827524185180664
749	-1368.1716104302816	1.7034035517122632	1.5980730056762695
750	-1475.1196848740726	0.2654055349273745	2.215707302093506
751	-1454.00490496558	1.0702799759681756	1.4681564569473267
752	-1516.4810104656951	0.2346411381061148	2.2102742195129395
753	-1531.2598545996316	0.6629439030818667	2.233544111251831
754	-1468.791523622286	0.7323852219514144	1.3714678287506104
755	-1447.6224036202264	0.9265128810769491	1.7804954051971436
756	-1547.9168760550415	-0.21680731158215671	1.835493564605713
757	-1618.017954013133	-0.3674841258040948	-0.8296324610710144
758	-1426.8414990276337	1.4350205585524265	-2.3312742710113525
759	-1379.5682533536533	1.8702209856050984	-1.2915921211242676
760	-1410.995586069545	0.43230607133664345	-0.2119230031967163
761	-1456.917759968542	1.1595006870360356	-1.0412582159042358
762	-1428.2198616887201	1.139704634232836	-2.097702980041504
763	-1430.866560562327	0.8974764542098954	0.12990693747997284
764	-1490.5288801188408	0.5074113272820607	1.0322376489639282
765	-1582.3519218928045	-0.19832057963014718	1.3588837385177612
766	-1555.1795214695173	0.3900057203129449	1.1145306825637817
767	-1477.4697568176264	0.9397242814601764	0.7753909826278687
768	-1433.7459588153777	1.1030951251539372	0.6489799618721008
769	-1355.2839111067503	1.5171515355385297	0.44162970781326294
770	-1393.0131607159096	0.9405889871865868	0.6755286455154419
771	-1482.685558447168	0.6504190470581377	0.8207799196243286
772	-1508.9019798607121	0.22105915096890852	0.8956913948059082
773	-1480.4340745830184	0.603175571804354	0.7948422431945801
774	-1553.768999820668	0.4912683726056134	1.0197750329971313
775	-1541.3313214651116	0.3347325946646863	0.9070825576782227
776	-1448.86103804668	0.8327935288751614	0.8728297352790833
777	-1466.5287937573603	0.8395182722513693	0.8625950813293457
778	-1488.8247508357103	0.8245742887586198	0.9562006592750549
779	-1445.1422631425085	0.44165051395120647	0.9620665907859802
780	-1476.3499966865932	0.6677770827508575	0.9818909764289856
781	-1492.88775235233	0.4121344510085897	0.9177548289299011
782	-1500.7018522449798	0.5508772925366089	0.9725918173789978
783	-1501.0987515852285	0.31674005145555956	0.934730052947998
784	-1458.8649620790984	0.9254988577900578	0.940650999546051
785	-1524.5902502492888	0.30396406327473696	1.0045034885406494
786	-1482.401900879614	0.6404619343385687	0.9410272240638733
787	-1391.1388603191679	1.3549751481000365	0.9008077383041382
788	-1447.2814891831363	0.8468627096633908	0.9817212820053101
789	-1477.0817018524285	0.6171906419793214	1.0155099630355835
790	-1410.6412877482508	1.1940032104802996	0.9566885828971863
791	-1419.8652797935583	1.0355208894917223	1.0326684713363647
792	-1481.1381027930381	0.4843456933679451	1.0556737184524536
793	-1413.826681292938	1.0040580951897002	0.9877628684043884
794	-1409.2229329551835	0.9222576072011941	1.022223949432373
795	-1430.7326401552848	0.9548209899533532	1.0657709836959839
796	-1426.0912392996026	0.9878343331258782	1.0394628047943115
797	-1402.254027751404	0.937829890880529	1.078867793083191
798	-1490.570895767741	0.15717499993221298	1.1799514293670654
799	-1433.8649640176588	1.0651016661810313	1.0481972694396973
